--
-- PostgreSQL database dump
--

-- Dumped from database version 15.3
-- Dumped by pg_dump version 15.2

-- Started on 2023-07-02 17:01:47 IDT

-- SET statement_timeout = 0;
-- SET lock_timeout = 0;
-- SET idle_in_transaction_session_timeout = 0;
-- SET client_encoding = 'UTF8';
-- SET standard_conforming_strings = on;
-- SELECT pg_catalog.set_config('search_path', '', false);
-- SET check_function_bodies = false;
-- SET xmloption = content;
-- SET client_min_messages = warning;
-- SET row_security = off;

-- DROP DATABASE "Hackathon";
--
-- TOC entry 3930 (class 1262 OID 18165)
-- Name: Hackathon; Type: DATABASE; Schema: -; Owner: postgres
--

-- CREATE DATABASE "Hackathon" WITH TEMPLATE = template0 ENCODING = 'UTF8' LOCALE_PROVIDER = icu LOCALE = 'en_US.UTF-8' ICU_LOCALE = 'en-US';


-- ALTER DATABASE "Hackathon" OWNER TO postgres;



-- SET statement_timeout = 0;
-- SET lock_timeout = 0;
-- SET idle_in_transaction_session_timeout = 0;
-- SET client_encoding = 'UTF8';
-- SET standard_conforming_strings = on;
-- SELECT pg_catalog.set_config('search_path', '', false);
-- SET check_function_bodies = false;
-- SET xmloption = content;
-- SET client_min_messages = warning;
-- SET row_security = off;

-- SET default_tablespace = '';

-- SET default_table_access_method = heap;

--
-- TOC entry 246 (class 1259 OID 18430)
-- Name: accounts_userprofile; Type: TABLE; Schema: public; Owner: postgres
--

CREATE TABLE public.accounts_userprofile (
    id bigint NOT NULL,
    user_id integer NOT NULL
);


-- ALTER TABLE public.accounts_userprofile OWNER TO postgres;

--
-- TOC entry 245 (class 1259 OID 18429)
-- Name: accounts_userprofile_id_seq; Type: SEQUENCE; Schema: public; Owner: postgres
--

ALTER TABLE public.accounts_userprofile ALTER COLUMN id ADD GENERATED BY DEFAULT AS IDENTITY (
    SEQUENCE NAME public.accounts_userprofile_id_seq
    START WITH 1
    INCREMENT BY 1
    NO MINVALUE
    NO MAXVALUE
    CACHE 1
);


--
-- TOC entry 233 (class 1259 OID 18296)
-- Name: algapp_customer; Type: TABLE; Schema: public; Owner: postgres
--

CREATE TABLE public.algapp_customer (
    id bigint NOT NULL,
    first_name character varying(50) NOT NULL,
    last_name character varying(50) NOT NULL,
    email character varying(254) NOT NULL,
    user_id integer
);


-- ALTER TABLE public.algapp_customer OWNER TO postgres;

--
-- TOC entry 244 (class 1259 OID 18410)
-- Name: algapp_customer_allergens; Type: TABLE; Schema: public; Owner: postgres
--

CREATE TABLE public.algapp_customer_allergens (
    id bigint NOT NULL,
    customer_id bigint NOT NULL,
    ingredients_id bigint NOT NULL
);


-- ALTER TABLE public.algapp_customer_allergens OWNER TO postgres;

--
-- TOC entry 243 (class 1259 OID 18409)
-- Name: algapp_customer_allergens_id_seq; Type: SEQUENCE; Schema: public; Owner: postgres
--

ALTER TABLE public.algapp_customer_allergens ALTER COLUMN id ADD GENERATED BY DEFAULT AS IDENTITY (
    SEQUENCE NAME public.algapp_customer_allergens_id_seq
    START WITH 1
    INCREMENT BY 1
    NO MINVALUE
    NO MAXVALUE
    CACHE 1
);


--
-- TOC entry 232 (class 1259 OID 18295)
-- Name: algapp_customer_id_seq; Type: SEQUENCE; Schema: public; Owner: postgres
--

ALTER TABLE public.algapp_customer ALTER COLUMN id ADD GENERATED BY DEFAULT AS IDENTITY (
    SEQUENCE NAME public.algapp_customer_id_seq
    START WITH 1
    INCREMENT BY 1
    NO MINVALUE
    NO MAXVALUE
    CACHE 1
);


--
-- TOC entry 257 (class 1259 OID 19832)
-- Name: algapp_dishesing; Type: TABLE; Schema: public; Owner: postgres
--

CREATE TABLE public.algapp_dishesing (
    id bigint NOT NULL,
    name character varying(50) NOT NULL
);


-- ALTER TABLE public.algapp_dishesing OWNER TO postgres;

--
-- TOC entry 259 (class 1259 OID 19838)
-- Name: algapp_dishesing_dish_main_ingredients; Type: TABLE; Schema: public; Owner: postgres
--

CREATE TABLE public.algapp_dishesing_dish_main_ingredients (
    id bigint NOT NULL,
    dishesing_id bigint NOT NULL,
    ingredients_id bigint NOT NULL
);


-- ALTER TABLE public.algapp_dishesing_dish_main_ingredients OWNER TO postgres;

--
-- TOC entry 258 (class 1259 OID 19837)
-- Name: algapp_dishesing_dish_main_ingredients_id_seq; Type: SEQUENCE; Schema: public; Owner: postgres
--

ALTER TABLE public.algapp_dishesing_dish_main_ingredients ALTER COLUMN id ADD GENERATED BY DEFAULT AS IDENTITY (
    SEQUENCE NAME public.algapp_dishesing_dish_main_ingredients_id_seq
    START WITH 1
    INCREMENT BY 1
    NO MINVALUE
    NO MAXVALUE
    CACHE 1
);


--
-- TOC entry 261 (class 1259 OID 19844)
-- Name: algapp_dishesing_dish_var_ingredients; Type: TABLE; Schema: public; Owner: postgres
--

CREATE TABLE public.algapp_dishesing_dish_var_ingredients (
    id bigint NOT NULL,
    dishesing_id bigint NOT NULL,
    ingredients_id bigint NOT NULL
);


-- ALTER TABLE public.algapp_dishesing_dish_var_ingredients OWNER TO postgres;

--
-- TOC entry 260 (class 1259 OID 19843)
-- Name: algapp_dishesing_dish_var_ingredients_id_seq; Type: SEQUENCE; Schema: public; Owner: postgres
--

ALTER TABLE public.algapp_dishesing_dish_var_ingredients ALTER COLUMN id ADD GENERATED BY DEFAULT AS IDENTITY (
    SEQUENCE NAME public.algapp_dishesing_dish_var_ingredients_id_seq
    START WITH 1
    INCREMENT BY 1
    NO MINVALUE
    NO MAXVALUE
    CACHE 1
);


--
-- TOC entry 256 (class 1259 OID 19831)
-- Name: algapp_dishesing_id_seq; Type: SEQUENCE; Schema: public; Owner: postgres
--

ALTER TABLE public.algapp_dishesing ALTER COLUMN id ADD GENERATED BY DEFAULT AS IDENTITY (
    SEQUENCE NAME public.algapp_dishesing_id_seq
    START WITH 1
    INCREMENT BY 1
    NO MINVALUE
    NO MAXVALUE
    CACHE 1
);


--
-- TOC entry 255 (class 1259 OID 19823)
-- Name: algapp_ingredients; Type: TABLE; Schema: public; Owner: postgres
--

CREATE TABLE public.algapp_ingredients (
    id bigint NOT NULL,
    name character varying(50) NOT NULL
);


-- ALTER TABLE public.algapp_ingredients OWNER TO postgres;

--
-- TOC entry 254 (class 1259 OID 19822)
-- Name: algapp_ingredients_id_seq; Type: SEQUENCE; Schema: public; Owner: postgres
--

ALTER TABLE public.algapp_ingredients ALTER COLUMN id ADD GENERATED BY DEFAULT AS IDENTITY (
    SEQUENCE NAME public.algapp_ingredients_id_seq
    START WITH 1
    INCREMENT BY 1
    NO MINVALUE
    NO MAXVALUE
    CACHE 1
);


--
-- TOC entry 238 (class 1259 OID 18352)
-- Name: algapp_menu; Type: TABLE; Schema: public; Owner: postgres
--

CREATE TABLE public.algapp_menu (
    id bigint NOT NULL
);


-- ALTER TABLE public.algapp_menu OWNER TO postgres;

--
-- TOC entry 240 (class 1259 OID 18358)
-- Name: algapp_menu_dish_id; Type: TABLE; Schema: public; Owner: postgres
--

CREATE TABLE public.algapp_menu_dish_id (
    id bigint NOT NULL,
    menu_id bigint NOT NULL,
    dishesing_id bigint NOT NULL
);


-- ALTER TABLE public.algapp_menu_dish_id OWNER TO postgres;

--
-- TOC entry 239 (class 1259 OID 18357)
-- Name: algapp_menu_dish_id_id_seq; Type: SEQUENCE; Schema: public; Owner: postgres
--

ALTER TABLE public.algapp_menu_dish_id ALTER COLUMN id ADD GENERATED BY DEFAULT AS IDENTITY (
    SEQUENCE NAME public.algapp_menu_dish_id_id_seq
    START WITH 1
    INCREMENT BY 1
    NO MINVALUE
    NO MAXVALUE
    CACHE 1
);


--
-- TOC entry 237 (class 1259 OID 18351)
-- Name: algapp_menu_id_seq; Type: SEQUENCE; Schema: public; Owner: postgres
--

ALTER TABLE public.algapp_menu ALTER COLUMN id ADD GENERATED BY DEFAULT AS IDENTITY (
    SEQUENCE NAME public.algapp_menu_id_seq
    START WITH 1
    INCREMENT BY 1
    NO MINVALUE
    NO MAXVALUE
    CACHE 1
);


--
-- TOC entry 242 (class 1259 OID 18364)
-- Name: algapp_menu_restaurant_id; Type: TABLE; Schema: public; Owner: postgres
--

CREATE TABLE public.algapp_menu_restaurant_id (
    id bigint NOT NULL,
    menu_id bigint NOT NULL,
    restaurant_id bigint NOT NULL
);


-- ALTER TABLE public.algapp_menu_restaurant_id OWNER TO postgres;

--
-- TOC entry 241 (class 1259 OID 18363)
-- Name: algapp_menu_restaurant_id_id_seq; Type: SEQUENCE; Schema: public; Owner: postgres
--

ALTER TABLE public.algapp_menu_restaurant_id ALTER COLUMN id ADD GENERATED BY DEFAULT AS IDENTITY (
    SEQUENCE NAME public.algapp_menu_restaurant_id_id_seq
    START WITH 1
    INCREMENT BY 1
    NO MINVALUE
    NO MAXVALUE
    CACHE 1
);


--
-- TOC entry 236 (class 1259 OID 18335)
-- Name: algapp_restaurant; Type: TABLE; Schema: public; Owner: postgres
--

CREATE TABLE public.algapp_restaurant (
    id bigint NOT NULL,
    name character varying(50) NOT NULL,
    address character varying(100) NOT NULL,
    user_id integer
);


-- ALTER TABLE public.algapp_restaurant OWNER TO postgres;

--
-- TOC entry 235 (class 1259 OID 18334)
-- Name: algapp_restaurant_id_seq; Type: SEQUENCE; Schema: public; Owner: postgres
--

ALTER TABLE public.algapp_restaurant ALTER COLUMN id ADD GENERATED BY DEFAULT AS IDENTITY (
    SEQUENCE NAME public.algapp_restaurant_id_seq
    START WITH 1
    INCREMENT BY 1
    NO MINVALUE
    NO MAXVALUE
    CACHE 1
);


--
-- TOC entry 248 (class 1259 OID 19739)
-- Name: algapp_statistic; Type: TABLE; Schema: public; Owner: postgres
--

CREATE TABLE public.algapp_statistic (
    id bigint NOT NULL,
    file jsonb NOT NULL
);


-- ALTER TABLE public.algapp_statistic OWNER TO postgres;

--
-- TOC entry 247 (class 1259 OID 19738)
-- Name: algapp_statistic_id_seq; Type: SEQUENCE; Schema: public; Owner: postgres
--

ALTER TABLE public.algapp_statistic ALTER COLUMN id ADD GENERATED BY DEFAULT AS IDENTITY (
    SEQUENCE NAME public.algapp_statistic_id_seq
    START WITH 1
    INCREMENT BY 1
    NO MINVALUE
    NO MAXVALUE
    CACHE 1
);


--
-- TOC entry 221 (class 1259 OID 18189)
-- Name: auth_group; Type: TABLE; Schema: public; Owner: postgres
--

CREATE TABLE public.auth_group (
    id integer NOT NULL,
    name character varying(150) NOT NULL
);


-- ALTER TABLE public.auth_group OWNER TO postgres;

--
-- TOC entry 220 (class 1259 OID 18188)
-- Name: auth_group_id_seq; Type: SEQUENCE; Schema: public; Owner: postgres
--

ALTER TABLE public.auth_group ALTER COLUMN id ADD GENERATED BY DEFAULT AS IDENTITY (
    SEQUENCE NAME public.auth_group_id_seq
    START WITH 1
    INCREMENT BY 1
    NO MINVALUE
    NO MAXVALUE
    CACHE 1
);


--
-- TOC entry 223 (class 1259 OID 18197)
-- Name: auth_group_permissions; Type: TABLE; Schema: public; Owner: postgres
--

CREATE TABLE public.auth_group_permissions (
    id bigint NOT NULL,
    group_id integer NOT NULL,
    permission_id integer NOT NULL
);


-- ALTER TABLE public.auth_group_permissions OWNER TO postgres;

--
-- TOC entry 222 (class 1259 OID 18196)
-- Name: auth_group_permissions_id_seq; Type: SEQUENCE; Schema: public; Owner: postgres
--

ALTER TABLE public.auth_group_permissions ALTER COLUMN id ADD GENERATED BY DEFAULT AS IDENTITY (
    SEQUENCE NAME public.auth_group_permissions_id_seq
    START WITH 1
    INCREMENT BY 1
    NO MINVALUE
    NO MAXVALUE
    CACHE 1
);


--
-- TOC entry 219 (class 1259 OID 18183)
-- Name: auth_permission; Type: TABLE; Schema: public; Owner: postgres
--

CREATE TABLE public.auth_permission (
    id integer NOT NULL,
    name character varying(255) NOT NULL,
    content_type_id integer NOT NULL,
    codename character varying(100) NOT NULL
);


-- ALTER TABLE public.auth_permission OWNER TO postgres;

--
-- TOC entry 218 (class 1259 OID 18182)
-- Name: auth_permission_id_seq; Type: SEQUENCE; Schema: public; Owner: postgres
--

ALTER TABLE public.auth_permission ALTER COLUMN id ADD GENERATED BY DEFAULT AS IDENTITY (
    SEQUENCE NAME public.auth_permission_id_seq
    START WITH 1
    INCREMENT BY 1
    NO MINVALUE
    NO MAXVALUE
    CACHE 1
);


--
-- TOC entry 225 (class 1259 OID 18203)
-- Name: auth_user; Type: TABLE; Schema: public; Owner: postgres
--

CREATE TABLE public.auth_user (
    id integer NOT NULL,
    password character varying(128) NOT NULL,
    last_login timestamp with time zone,
    is_superuser boolean NOT NULL,
    username character varying(150) NOT NULL,
    first_name character varying(150) NOT NULL,
    last_name character varying(150) NOT NULL,
    email character varying(254) NOT NULL,
    is_staff boolean NOT NULL,
    is_active boolean NOT NULL,
    date_joined timestamp with time zone NOT NULL
);


-- ALTER TABLE public.auth_user OWNER TO postgres;

--
-- TOC entry 227 (class 1259 OID 18211)
-- Name: auth_user_groups; Type: TABLE; Schema: public; Owner: postgres
--

CREATE TABLE public.auth_user_groups (
    id bigint NOT NULL,
    user_id integer NOT NULL,
    group_id integer NOT NULL
);


-- ALTER TABLE public.auth_user_groups OWNER TO postgres;

--
-- TOC entry 226 (class 1259 OID 18210)
-- Name: auth_user_groups_id_seq; Type: SEQUENCE; Schema: public; Owner: postgres
--

ALTER TABLE public.auth_user_groups ALTER COLUMN id ADD GENERATED BY DEFAULT AS IDENTITY (
    SEQUENCE NAME public.auth_user_groups_id_seq
    START WITH 1
    INCREMENT BY 1
    NO MINVALUE
    NO MAXVALUE
    CACHE 1
);


--
-- TOC entry 224 (class 1259 OID 18202)
-- Name: auth_user_id_seq; Type: SEQUENCE; Schema: public; Owner: postgres
--

ALTER TABLE public.auth_user ALTER COLUMN id ADD GENERATED BY DEFAULT AS IDENTITY (
    SEQUENCE NAME public.auth_user_id_seq
    START WITH 1
    INCREMENT BY 1
    NO MINVALUE
    NO MAXVALUE
    CACHE 1
);


--
-- TOC entry 229 (class 1259 OID 18217)
-- Name: auth_user_user_permissions; Type: TABLE; Schema: public; Owner: postgres
--

CREATE TABLE public.auth_user_user_permissions (
    id bigint NOT NULL,
    user_id integer NOT NULL,
    permission_id integer NOT NULL
);


-- ALTER TABLE public.auth_user_user_permissions OWNER TO postgres;

--
-- TOC entry 228 (class 1259 OID 18216)
-- Name: auth_user_user_permissions_id_seq; Type: SEQUENCE; Schema: public; Owner: postgres
--

ALTER TABLE public.auth_user_user_permissions ALTER COLUMN id ADD GENERATED BY DEFAULT AS IDENTITY (
    SEQUENCE NAME public.auth_user_user_permissions_id_seq
    START WITH 1
    INCREMENT BY 1
    NO MINVALUE
    NO MAXVALUE
    CACHE 1
);


--
-- TOC entry 231 (class 1259 OID 18275)
-- Name: django_admin_log; Type: TABLE; Schema: public; Owner: postgres
--

CREATE TABLE public.django_admin_log (
    id integer NOT NULL,
    action_time timestamp with time zone NOT NULL,
    object_id text,
    object_repr character varying(200) NOT NULL,
    action_flag smallint NOT NULL,
    change_message text NOT NULL,
    content_type_id integer,
    user_id integer NOT NULL,
    CONSTRAINT django_admin_log_action_flag_check CHECK ((action_flag >= 0))
);


-- ALTER TABLE public.django_admin_log OWNER TO postgres;

--
-- TOC entry 230 (class 1259 OID 18274)
-- Name: django_admin_log_id_seq; Type: SEQUENCE; Schema: public; Owner: postgres
--

ALTER TABLE public.django_admin_log ALTER COLUMN id ADD GENERATED BY DEFAULT AS IDENTITY (
    SEQUENCE NAME public.django_admin_log_id_seq
    START WITH 1
    INCREMENT BY 1
    NO MINVALUE
    NO MAXVALUE
    CACHE 1
);


--
-- TOC entry 217 (class 1259 OID 18175)
-- Name: django_content_type; Type: TABLE; Schema: public; Owner: postgres
--

CREATE TABLE public.django_content_type (
    id integer NOT NULL,
    app_label character varying(100) NOT NULL,
    model character varying(100) NOT NULL
);


-- ALTER TABLE public.django_content_type OWNER TO postgres;

--
-- TOC entry 216 (class 1259 OID 18174)
-- Name: django_content_type_id_seq; Type: SEQUENCE; Schema: public; Owner: postgres
--

ALTER TABLE public.django_content_type ALTER COLUMN id ADD GENERATED BY DEFAULT AS IDENTITY (
    SEQUENCE NAME public.django_content_type_id_seq
    START WITH 1
    INCREMENT BY 1
    NO MINVALUE
    NO MAXVALUE
    CACHE 1
);


--
-- TOC entry 215 (class 1259 OID 18167)
-- Name: django_migrations; Type: TABLE; Schema: public; Owner: postgres
--

CREATE TABLE public.django_migrations (
    id bigint NOT NULL,
    app character varying(255) NOT NULL,
    name character varying(255) NOT NULL,
    applied timestamp with time zone NOT NULL
);


-- ALTER TABLE public.django_migrations OWNER TO postgres;

--
-- TOC entry 214 (class 1259 OID 18166)
-- Name: django_migrations_id_seq; Type: SEQUENCE; Schema: public; Owner: postgres
--

ALTER TABLE public.django_migrations ALTER COLUMN id ADD GENERATED BY DEFAULT AS IDENTITY (
    SEQUENCE NAME public.django_migrations_id_seq
    START WITH 1
    INCREMENT BY 1
    NO MINVALUE
    NO MAXVALUE
    CACHE 1
);


--
-- TOC entry 252 (class 1259 OID 19764)
-- Name: django_private_chat2_dialogsmodel; Type: TABLE; Schema: public; Owner: postgres
--

CREATE TABLE public.django_private_chat2_dialogsmodel (
    created timestamp with time zone NOT NULL,
    modified timestamp with time zone NOT NULL,
    id bigint NOT NULL,
    user1_id integer NOT NULL,
    user2_id integer NOT NULL
);


-- ALTER TABLE public.django_private_chat2_dialogsmodel OWNER TO postgres;

--
-- TOC entry 251 (class 1259 OID 19763)
-- Name: django_private_chat2_dialogsmodel_id_seq; Type: SEQUENCE; Schema: public; Owner: postgres
--

ALTER TABLE public.django_private_chat2_dialogsmodel ALTER COLUMN id ADD GENERATED BY DEFAULT AS IDENTITY (
    SEQUENCE NAME public.django_private_chat2_dialogsmodel_id_seq
    START WITH 1
    INCREMENT BY 1
    NO MINVALUE
    NO MAXVALUE
    CACHE 1
);


--
-- TOC entry 250 (class 1259 OID 19756)
-- Name: django_private_chat2_messagemodel; Type: TABLE; Schema: public; Owner: postgres
--

CREATE TABLE public.django_private_chat2_messagemodel (
    created timestamp with time zone NOT NULL,
    modified timestamp with time zone NOT NULL,
    is_removed boolean NOT NULL,
    id bigint NOT NULL,
    text text NOT NULL,
    file_id uuid,
    read boolean NOT NULL,
    recipient_id integer NOT NULL,
    sender_id integer NOT NULL
);


-- ALTER TABLE public.django_private_chat2_messagemodel OWNER TO postgres;

--
-- TOC entry 249 (class 1259 OID 19755)
-- Name: django_private_chat2_messagemodel_id_seq; Type: SEQUENCE; Schema: public; Owner: postgres
--

ALTER TABLE public.django_private_chat2_messagemodel ALTER COLUMN id ADD GENERATED BY DEFAULT AS IDENTITY (
    SEQUENCE NAME public.django_private_chat2_messagemodel_id_seq
    START WITH 1
    INCREMENT BY 1
    NO MINVALUE
    NO MAXVALUE
    CACHE 1
);


--
-- TOC entry 253 (class 1259 OID 19797)
-- Name: django_private_chat2_uploadedfile; Type: TABLE; Schema: public; Owner: postgres
--

CREATE TABLE public.django_private_chat2_uploadedfile (
    id uuid NOT NULL,
    file character varying(100) NOT NULL,
    upload_date timestamp with time zone NOT NULL,
    uploaded_by_id integer NOT NULL
);


-- ALTER TABLE public.django_private_chat2_uploadedfile OWNER TO postgres;

--
-- TOC entry 234 (class 1259 OID 18315)
-- Name: django_session; Type: TABLE; Schema: public; Owner: postgres
--

CREATE TABLE public.django_session (
    session_key character varying(40) NOT NULL,
    session_data text NOT NULL,
    expire_date timestamp with time zone NOT NULL
);


-- ALTER TABLE public.django_session OWNER TO postgres;

--
-- TOC entry 3909 (class 0 OID 18430)
-- Dependencies: 246
-- Data for Name: accounts_userprofile; Type: TABLE DATA; Schema: public; Owner: postgres
--

INSERT INTO public.accounts_userprofile (id, user_id) VALUES (1, 2);


--
-- TOC entry 3896 (class 0 OID 18296)
-- Dependencies: 233
-- Data for Name: algapp_customer; Type: TABLE DATA; Schema: public; Owner: postgres
--

INSERT INTO public.algapp_customer (id, first_name, last_name, email, user_id) VALUES (79, 'Sergei', 'Boiko', 'sb@bs.com', 27);
INSERT INTO public.algapp_customer (id, first_name, last_name, email, user_id) VALUES (80, 'Sergei1', 'Boiko1', 'dfvdvf@sef.tt', 28);
INSERT INTO public.algapp_customer (id, first_name, last_name, email, user_id) VALUES (78, 'Sergei', 'Boiko', 'sb@bs.com', 3);


--
-- TOC entry 3907 (class 0 OID 18410)
-- Dependencies: 244
-- Data for Name: algapp_customer_allergens; Type: TABLE DATA; Schema: public; Owner: postgres
--

INSERT INTO public.algapp_customer_allergens (id, customer_id, ingredients_id) VALUES (278, 79, 81);
INSERT INTO public.algapp_customer_allergens (id, customer_id, ingredients_id) VALUES (279, 80, 64);
INSERT INTO public.algapp_customer_allergens (id, customer_id, ingredients_id) VALUES (280, 80, 66);
INSERT INTO public.algapp_customer_allergens (id, customer_id, ingredients_id) VALUES (281, 80, 75);
INSERT INTO public.algapp_customer_allergens (id, customer_id, ingredients_id) VALUES (282, 80, 141);
INSERT INTO public.algapp_customer_allergens (id, customer_id, ingredients_id) VALUES (283, 80, 77);
INSERT INTO public.algapp_customer_allergens (id, customer_id, ingredients_id) VALUES (284, 80, 50);
INSERT INTO public.algapp_customer_allergens (id, customer_id, ingredients_id) VALUES (285, 80, 115);
INSERT INTO public.algapp_customer_allergens (id, customer_id, ingredients_id) VALUES (286, 80, 114);
INSERT INTO public.algapp_customer_allergens (id, customer_id, ingredients_id) VALUES (287, 80, 31);
INSERT INTO public.algapp_customer_allergens (id, customer_id, ingredients_id) VALUES (288, 78, 22);
INSERT INTO public.algapp_customer_allergens (id, customer_id, ingredients_id) VALUES (289, 78, 2);
INSERT INTO public.algapp_customer_allergens (id, customer_id, ingredients_id) VALUES (291, 78, 81);
INSERT INTO public.algapp_customer_allergens (id, customer_id, ingredients_id) VALUES (293, 78, 27);


--
-- TOC entry 3920 (class 0 OID 19832)
-- Dependencies: 257
-- Data for Name: algapp_dishesing; Type: TABLE DATA; Schema: public; Owner: postgres
--

INSERT INTO public.algapp_dishesing (id, name) VALUES (1, 'Greek Salad');
INSERT INTO public.algapp_dishesing (id, name) VALUES (2, 'Some');
INSERT INTO public.algapp_dishesing (id, name) VALUES (3, 'Some2');
INSERT INTO public.algapp_dishesing (id, name) VALUES (6, 'Test #2 with new connection in Menu');
INSERT INTO public.algapp_dishesing (id, name) VALUES (8, 'Test #4 with new connection in Menu');
INSERT INTO public.algapp_dishesing (id, name) VALUES (9, 'Test #5 with new connection in Menu');
INSERT INTO public.algapp_dishesing (id, name) VALUES (33, 'Some376');
INSERT INTO public.algapp_dishesing (id, name) VALUES (34, 'Some376');
INSERT INTO public.algapp_dishesing (id, name) VALUES (35, 'Some365');
INSERT INTO public.algapp_dishesing (id, name) VALUES (7, 'Test #3************* with new connection in Menu');
INSERT INTO public.algapp_dishesing (id, name) VALUES (5, 'Test 44356456');
INSERT INTO public.algapp_dishesing (id, name) VALUES (4, 'Some');
INSERT INTO public.algapp_dishesing (id, name) VALUES (49, 'pasta');
INSERT INTO public.algapp_dishesing (id, name) VALUES (50, 'Some');
INSERT INTO public.algapp_dishesing (id, name) VALUES (51, 'Pasts');
INSERT INTO public.algapp_dishesing (id, name) VALUES (52, 'pasta');
INSERT INTO public.algapp_dishesing (id, name) VALUES (53, 'Pasta3');
INSERT INTO public.algapp_dishesing (id, name) VALUES (54, 'Pasta4');
INSERT INTO public.algapp_dishesing (id, name) VALUES (55, 'pasta');
INSERT INTO public.algapp_dishesing (id, name) VALUES (57, 'First Dish');
INSERT INTO public.algapp_dishesing (id, name) VALUES (58, 'Second dish');
INSERT INTO public.algapp_dishesing (id, name) VALUES (59, 'Caprese');
INSERT INTO public.algapp_dishesing (id, name) VALUES (61, 'Tomatoes soup');
INSERT INTO public.algapp_dishesing (id, name) VALUES (60, 'Beef with mashed potato');
INSERT INTO public.algapp_dishesing (id, name) VALUES (62, 'Pasta pomodoro');
INSERT INTO public.algapp_dishesing (id, name) VALUES (63, 'Pizza Margherita');
INSERT INTO public.algapp_dishesing (id, name) VALUES (64, 'Pizza Melanzane');


--
-- TOC entry 3922 (class 0 OID 19838)
-- Dependencies: 259
-- Data for Name: algapp_dishesing_dish_main_ingredients; Type: TABLE DATA; Schema: public; Owner: postgres
--

INSERT INTO public.algapp_dishesing_dish_main_ingredients (id, dishesing_id, ingredients_id) VALUES (1, 1, 3);
INSERT INTO public.algapp_dishesing_dish_main_ingredients (id, dishesing_id, ingredients_id) VALUES (2, 1, 20);
INSERT INTO public.algapp_dishesing_dish_main_ingredients (id, dishesing_id, ingredients_id) VALUES (3, 1, 5);
INSERT INTO public.algapp_dishesing_dish_main_ingredients (id, dishesing_id, ingredients_id) VALUES (4, 1, 6);
INSERT INTO public.algapp_dishesing_dish_main_ingredients (id, dishesing_id, ingredients_id) VALUES (5, 2, 66);
INSERT INTO public.algapp_dishesing_dish_main_ingredients (id, dishesing_id, ingredients_id) VALUES (6, 2, 108);
INSERT INTO public.algapp_dishesing_dish_main_ingredients (id, dishesing_id, ingredients_id) VALUES (7, 2, 157);
INSERT INTO public.algapp_dishesing_dish_main_ingredients (id, dishesing_id, ingredients_id) VALUES (8, 3, 108);
INSERT INTO public.algapp_dishesing_dish_main_ingredients (id, dishesing_id, ingredients_id) VALUES (9, 3, 157);
INSERT INTO public.algapp_dishesing_dish_main_ingredients (id, dishesing_id, ingredients_id) VALUES (10, 3, 127);
INSERT INTO public.algapp_dishesing_dish_main_ingredients (id, dishesing_id, ingredients_id) VALUES (11, 4, 122);
INSERT INTO public.algapp_dishesing_dish_main_ingredients (id, dishesing_id, ingredients_id) VALUES (12, 4, 44);
INSERT INTO public.algapp_dishesing_dish_main_ingredients (id, dishesing_id, ingredients_id) VALUES (13, 4, 102);
INSERT INTO public.algapp_dishesing_dish_main_ingredients (id, dishesing_id, ingredients_id) VALUES (14, 4, 103);
INSERT INTO public.algapp_dishesing_dish_main_ingredients (id, dishesing_id, ingredients_id) VALUES (15, 5, 108);
INSERT INTO public.algapp_dishesing_dish_main_ingredients (id, dishesing_id, ingredients_id) VALUES (16, 5, 157);
INSERT INTO public.algapp_dishesing_dish_main_ingredients (id, dishesing_id, ingredients_id) VALUES (17, 5, 127);
INSERT INTO public.algapp_dishesing_dish_main_ingredients (id, dishesing_id, ingredients_id) VALUES (18, 6, 102);
INSERT INTO public.algapp_dishesing_dish_main_ingredients (id, dishesing_id, ingredients_id) VALUES (19, 6, 103);
INSERT INTO public.algapp_dishesing_dish_main_ingredients (id, dishesing_id, ingredients_id) VALUES (20, 6, 87);
INSERT INTO public.algapp_dishesing_dish_main_ingredients (id, dishesing_id, ingredients_id) VALUES (21, 6, 127);
INSERT INTO public.algapp_dishesing_dish_main_ingredients (id, dishesing_id, ingredients_id) VALUES (111, 57, 102);
INSERT INTO public.algapp_dishesing_dish_main_ingredients (id, dishesing_id, ingredients_id) VALUES (112, 57, 108);
INSERT INTO public.algapp_dishesing_dish_main_ingredients (id, dishesing_id, ingredients_id) VALUES (113, 57, 44);
INSERT INTO public.algapp_dishesing_dish_main_ingredients (id, dishesing_id, ingredients_id) VALUES (114, 57, 81);
INSERT INTO public.algapp_dishesing_dish_main_ingredients (id, dishesing_id, ingredients_id) VALUES (115, 57, 127);
INSERT INTO public.algapp_dishesing_dish_main_ingredients (id, dishesing_id, ingredients_id) VALUES (116, 58, 8);
INSERT INTO public.algapp_dishesing_dish_main_ingredients (id, dishesing_id, ingredients_id) VALUES (117, 58, 35);
INSERT INTO public.algapp_dishesing_dish_main_ingredients (id, dishesing_id, ingredients_id) VALUES (118, 58, 44);
INSERT INTO public.algapp_dishesing_dish_main_ingredients (id, dishesing_id, ingredients_id) VALUES (119, 58, 87);
INSERT INTO public.algapp_dishesing_dish_main_ingredients (id, dishesing_id, ingredients_id) VALUES (120, 59, 3);
INSERT INTO public.algapp_dishesing_dish_main_ingredients (id, dishesing_id, ingredients_id) VALUES (121, 59, 164);
INSERT INTO public.algapp_dishesing_dish_main_ingredients (id, dishesing_id, ingredients_id) VALUES (122, 59, 6);
INSERT INTO public.algapp_dishesing_dish_main_ingredients (id, dishesing_id, ingredients_id) VALUES (123, 59, 44);
INSERT INTO public.algapp_dishesing_dish_main_ingredients (id, dishesing_id, ingredients_id) VALUES (35, 8, 81);
INSERT INTO public.algapp_dishesing_dish_main_ingredients (id, dishesing_id, ingredients_id) VALUES (36, 8, 66);
INSERT INTO public.algapp_dishesing_dish_main_ingredients (id, dishesing_id, ingredients_id) VALUES (37, 8, 108);
INSERT INTO public.algapp_dishesing_dish_main_ingredients (id, dishesing_id, ingredients_id) VALUES (38, 9, 8);
INSERT INTO public.algapp_dishesing_dish_main_ingredients (id, dishesing_id, ingredients_id) VALUES (39, 9, 40);
INSERT INTO public.algapp_dishesing_dish_main_ingredients (id, dishesing_id, ingredients_id) VALUES (124, 59, 22);
INSERT INTO public.algapp_dishesing_dish_main_ingredients (id, dishesing_id, ingredients_id) VALUES (125, 60, 5);
INSERT INTO public.algapp_dishesing_dish_main_ingredients (id, dishesing_id, ingredients_id) VALUES (126, 60, 8);
INSERT INTO public.algapp_dishesing_dish_main_ingredients (id, dishesing_id, ingredients_id) VALUES (127, 60, 12);
INSERT INTO public.algapp_dishesing_dish_main_ingredients (id, dishesing_id, ingredients_id) VALUES (128, 60, 111);
INSERT INTO public.algapp_dishesing_dish_main_ingredients (id, dishesing_id, ingredients_id) VALUES (129, 60, 19);
INSERT INTO public.algapp_dishesing_dish_main_ingredients (id, dishesing_id, ingredients_id) VALUES (130, 60, 60);
INSERT INTO public.algapp_dishesing_dish_main_ingredients (id, dishesing_id, ingredients_id) VALUES (131, 61, 2);
INSERT INTO public.algapp_dishesing_dish_main_ingredients (id, dishesing_id, ingredients_id) VALUES (132, 61, 3);
INSERT INTO public.algapp_dishesing_dish_main_ingredients (id, dishesing_id, ingredients_id) VALUES (133, 61, 99);
INSERT INTO public.algapp_dishesing_dish_main_ingredients (id, dishesing_id, ingredients_id) VALUES (134, 61, 6);
INSERT INTO public.algapp_dishesing_dish_main_ingredients (id, dishesing_id, ingredients_id) VALUES (135, 61, 22);
INSERT INTO public.algapp_dishesing_dish_main_ingredients (id, dishesing_id, ingredients_id) VALUES (136, 61, 27);
INSERT INTO public.algapp_dishesing_dish_main_ingredients (id, dishesing_id, ingredients_id) VALUES (137, 62, 99);
INSERT INTO public.algapp_dishesing_dish_main_ingredients (id, dishesing_id, ingredients_id) VALUES (138, 62, 1);
INSERT INTO public.algapp_dishesing_dish_main_ingredients (id, dishesing_id, ingredients_id) VALUES (139, 62, 10);
INSERT INTO public.algapp_dishesing_dish_main_ingredients (id, dishesing_id, ingredients_id) VALUES (140, 62, 3);
INSERT INTO public.algapp_dishesing_dish_main_ingredients (id, dishesing_id, ingredients_id) VALUES (141, 63, 99);
INSERT INTO public.algapp_dishesing_dish_main_ingredients (id, dishesing_id, ingredients_id) VALUES (142, 63, 164);
INSERT INTO public.algapp_dishesing_dish_main_ingredients (id, dishesing_id, ingredients_id) VALUES (143, 63, 6);
INSERT INTO public.algapp_dishesing_dish_main_ingredients (id, dishesing_id, ingredients_id) VALUES (144, 64, 99);
INSERT INTO public.algapp_dishesing_dish_main_ingredients (id, dishesing_id, ingredients_id) VALUES (145, 64, 164);
INSERT INTO public.algapp_dishesing_dish_main_ingredients (id, dishesing_id, ingredients_id) VALUES (146, 64, 165);
INSERT INTO public.algapp_dishesing_dish_main_ingredients (id, dishesing_id, ingredients_id) VALUES (65, 34, 122);
INSERT INTO public.algapp_dishesing_dish_main_ingredients (id, dishesing_id, ingredients_id) VALUES (66, 34, 44);
INSERT INTO public.algapp_dishesing_dish_main_ingredients (id, dishesing_id, ingredients_id) VALUES (67, 34, 102);
INSERT INTO public.algapp_dishesing_dish_main_ingredients (id, dishesing_id, ingredients_id) VALUES (68, 34, 103);
INSERT INTO public.algapp_dishesing_dish_main_ingredients (id, dishesing_id, ingredients_id) VALUES (69, 35, 157);
INSERT INTO public.algapp_dishesing_dish_main_ingredients (id, dishesing_id, ingredients_id) VALUES (70, 35, 127);
INSERT INTO public.algapp_dishesing_dish_main_ingredients (id, dishesing_id, ingredients_id) VALUES (73, 7, 74);
INSERT INTO public.algapp_dishesing_dish_main_ingredients (id, dishesing_id, ingredients_id) VALUES (74, 7, 139);
INSERT INTO public.algapp_dishesing_dish_main_ingredients (id, dishesing_id, ingredients_id) VALUES (75, 7, 118);
INSERT INTO public.algapp_dishesing_dish_main_ingredients (id, dishesing_id, ingredients_id) VALUES (98, 49, 10);
INSERT INTO public.algapp_dishesing_dish_main_ingredients (id, dishesing_id, ingredients_id) VALUES (99, 49, 3);
INSERT INTO public.algapp_dishesing_dish_main_ingredients (id, dishesing_id, ingredients_id) VALUES (100, 50, 66);
INSERT INTO public.algapp_dishesing_dish_main_ingredients (id, dishesing_id, ingredients_id) VALUES (101, 51, 66);
INSERT INTO public.algapp_dishesing_dish_main_ingredients (id, dishesing_id, ingredients_id) VALUES (102, 52, 10);
INSERT INTO public.algapp_dishesing_dish_main_ingredients (id, dishesing_id, ingredients_id) VALUES (103, 52, 3);
INSERT INTO public.algapp_dishesing_dish_main_ingredients (id, dishesing_id, ingredients_id) VALUES (104, 53, 81);
INSERT INTO public.algapp_dishesing_dish_main_ingredients (id, dishesing_id, ingredients_id) VALUES (105, 53, 66);
INSERT INTO public.algapp_dishesing_dish_main_ingredients (id, dishesing_id, ingredients_id) VALUES (106, 54, 81);
INSERT INTO public.algapp_dishesing_dish_main_ingredients (id, dishesing_id, ingredients_id) VALUES (107, 55, 10);
INSERT INTO public.algapp_dishesing_dish_main_ingredients (id, dishesing_id, ingredients_id) VALUES (108, 55, 3);


--
-- TOC entry 3924 (class 0 OID 19844)
-- Dependencies: 261
-- Data for Name: algapp_dishesing_dish_var_ingredients; Type: TABLE DATA; Schema: public; Owner: postgres
--

INSERT INTO public.algapp_dishesing_dish_var_ingredients (id, dishesing_id, ingredients_id) VALUES (1, 1, 31);
INSERT INTO public.algapp_dishesing_dish_var_ingredients (id, dishesing_id, ingredients_id) VALUES (2, 2, 66);
INSERT INTO public.algapp_dishesing_dish_var_ingredients (id, dishesing_id, ingredients_id) VALUES (3, 2, 108);
INSERT INTO public.algapp_dishesing_dish_var_ingredients (id, dishesing_id, ingredients_id) VALUES (4, 2, 157);
INSERT INTO public.algapp_dishesing_dish_var_ingredients (id, dishesing_id, ingredients_id) VALUES (5, 3, 44);
INSERT INTO public.algapp_dishesing_dish_var_ingredients (id, dishesing_id, ingredients_id) VALUES (6, 3, 103);
INSERT INTO public.algapp_dishesing_dish_var_ingredients (id, dishesing_id, ingredients_id) VALUES (7, 4, 69);
INSERT INTO public.algapp_dishesing_dish_var_ingredients (id, dishesing_id, ingredients_id) VALUES (8, 4, 61);
INSERT INTO public.algapp_dishesing_dish_var_ingredients (id, dishesing_id, ingredients_id) VALUES (9, 4, 39);
INSERT INTO public.algapp_dishesing_dish_var_ingredients (id, dishesing_id, ingredients_id) VALUES (10, 5, 66);
INSERT INTO public.algapp_dishesing_dish_var_ingredients (id, dishesing_id, ingredients_id) VALUES (11, 5, 108);
INSERT INTO public.algapp_dishesing_dish_var_ingredients (id, dishesing_id, ingredients_id) VALUES (12, 5, 81);
INSERT INTO public.algapp_dishesing_dish_var_ingredients (id, dishesing_id, ingredients_id) VALUES (13, 5, 157);
INSERT INTO public.algapp_dishesing_dish_var_ingredients (id, dishesing_id, ingredients_id) VALUES (14, 5, 127);
INSERT INTO public.algapp_dishesing_dish_var_ingredients (id, dishesing_id, ingredients_id) VALUES (15, 6, 102);
INSERT INTO public.algapp_dishesing_dish_var_ingredients (id, dishesing_id, ingredients_id) VALUES (16, 6, 103);
INSERT INTO public.algapp_dishesing_dish_var_ingredients (id, dishesing_id, ingredients_id) VALUES (17, 6, 44);
INSERT INTO public.algapp_dishesing_dish_var_ingredients (id, dishesing_id, ingredients_id) VALUES (18, 6, 22);
INSERT INTO public.algapp_dishesing_dish_var_ingredients (id, dishesing_id, ingredients_id) VALUES (19, 6, 122);
INSERT INTO public.algapp_dishesing_dish_var_ingredients (id, dishesing_id, ingredients_id) VALUES (23, 8, 87);
INSERT INTO public.algapp_dishesing_dish_var_ingredients (id, dishesing_id, ingredients_id) VALUES (24, 8, 127);
INSERT INTO public.algapp_dishesing_dish_var_ingredients (id, dishesing_id, ingredients_id) VALUES (25, 9, 70);
INSERT INTO public.algapp_dishesing_dish_var_ingredients (id, dishesing_id, ingredients_id) VALUES (26, 9, 159);
INSERT INTO public.algapp_dishesing_dish_var_ingredients (id, dishesing_id, ingredients_id) VALUES (52, 34, 69);
INSERT INTO public.algapp_dishesing_dish_var_ingredients (id, dishesing_id, ingredients_id) VALUES (53, 34, 61);
INSERT INTO public.algapp_dishesing_dish_var_ingredients (id, dishesing_id, ingredients_id) VALUES (54, 34, 39);
INSERT INTO public.algapp_dishesing_dish_var_ingredients (id, dishesing_id, ingredients_id) VALUES (55, 35, 12);
INSERT INTO public.algapp_dishesing_dish_var_ingredients (id, dishesing_id, ingredients_id) VALUES (56, 35, 79);
INSERT INTO public.algapp_dishesing_dish_var_ingredients (id, dishesing_id, ingredients_id) VALUES (58, 7, 140);
INSERT INTO public.algapp_dishesing_dish_var_ingredients (id, dishesing_id, ingredients_id) VALUES (59, 7, 54);
INSERT INTO public.algapp_dishesing_dish_var_ingredients (id, dishesing_id, ingredients_id) VALUES (60, 7, 119);
INSERT INTO public.algapp_dishesing_dish_var_ingredients (id, dishesing_id, ingredients_id) VALUES (85, 49, 68);
INSERT INTO public.algapp_dishesing_dish_var_ingredients (id, dishesing_id, ingredients_id) VALUES (86, 50, 66);
INSERT INTO public.algapp_dishesing_dish_var_ingredients (id, dishesing_id, ingredients_id) VALUES (87, 51, 87);
INSERT INTO public.algapp_dishesing_dish_var_ingredients (id, dishesing_id, ingredients_id) VALUES (88, 52, 68);
INSERT INTO public.algapp_dishesing_dish_var_ingredients (id, dishesing_id, ingredients_id) VALUES (89, 53, 108);
INSERT INTO public.algapp_dishesing_dish_var_ingredients (id, dishesing_id, ingredients_id) VALUES (90, 53, 157);
INSERT INTO public.algapp_dishesing_dish_var_ingredients (id, dishesing_id, ingredients_id) VALUES (91, 54, 81);
INSERT INTO public.algapp_dishesing_dish_var_ingredients (id, dishesing_id, ingredients_id) VALUES (92, 55, 68);
INSERT INTO public.algapp_dishesing_dish_var_ingredients (id, dishesing_id, ingredients_id) VALUES (95, 57, 40);
INSERT INTO public.algapp_dishesing_dish_var_ingredients (id, dishesing_id, ingredients_id) VALUES (96, 57, 35);
INSERT INTO public.algapp_dishesing_dish_var_ingredients (id, dishesing_id, ingredients_id) VALUES (97, 57, 70);
INSERT INTO public.algapp_dishesing_dish_var_ingredients (id, dishesing_id, ingredients_id) VALUES (98, 58, 40);
INSERT INTO public.algapp_dishesing_dish_var_ingredients (id, dishesing_id, ingredients_id) VALUES (99, 58, 56);
INSERT INTO public.algapp_dishesing_dish_var_ingredients (id, dishesing_id, ingredients_id) VALUES (100, 59, 1);
INSERT INTO public.algapp_dishesing_dish_var_ingredients (id, dishesing_id, ingredients_id) VALUES (101, 59, 2);
INSERT INTO public.algapp_dishesing_dish_var_ingredients (id, dishesing_id, ingredients_id) VALUES (102, 60, 65);
INSERT INTO public.algapp_dishesing_dish_var_ingredients (id, dishesing_id, ingredients_id) VALUES (103, 60, 38);
INSERT INTO public.algapp_dishesing_dish_var_ingredients (id, dishesing_id, ingredients_id) VALUES (104, 61, 164);
INSERT INTO public.algapp_dishesing_dish_var_ingredients (id, dishesing_id, ingredients_id) VALUES (105, 61, 68);
INSERT INTO public.algapp_dishesing_dish_var_ingredients (id, dishesing_id, ingredients_id) VALUES (106, 62, 65);
INSERT INTO public.algapp_dishesing_dish_var_ingredients (id, dishesing_id, ingredients_id) VALUES (107, 62, 22);
INSERT INTO public.algapp_dishesing_dish_var_ingredients (id, dishesing_id, ingredients_id) VALUES (108, 63, 22);
INSERT INTO public.algapp_dishesing_dish_var_ingredients (id, dishesing_id, ingredients_id) VALUES (109, 64, 27);


--
-- TOC entry 3918 (class 0 OID 19823)
-- Dependencies: 255
-- Data for Name: algapp_ingredients; Type: TABLE DATA; Schema: public; Owner: postgres
--

INSERT INTO public.algapp_ingredients (id, name) VALUES (1, 'Salt');
INSERT INTO public.algapp_ingredients (id, name) VALUES (2, 'Pepper');
INSERT INTO public.algapp_ingredients (id, name) VALUES (3, 'Olive oil');
INSERT INTO public.algapp_ingredients (id, name) VALUES (4, 'Garlic');
INSERT INTO public.algapp_ingredients (id, name) VALUES (5, 'Onion');
INSERT INTO public.algapp_ingredients (id, name) VALUES (6, 'Tomato');
INSERT INTO public.algapp_ingredients (id, name) VALUES (7, 'Chicken');
INSERT INTO public.algapp_ingredients (id, name) VALUES (8, 'Beef');
INSERT INTO public.algapp_ingredients (id, name) VALUES (9, 'Rice');
INSERT INTO public.algapp_ingredients (id, name) VALUES (10, 'Pasta');
INSERT INTO public.algapp_ingredients (id, name) VALUES (11, 'Lemon');
INSERT INTO public.algapp_ingredients (id, name) VALUES (12, 'Butter');
INSERT INTO public.algapp_ingredients (id, name) VALUES (13, 'Sugar');
INSERT INTO public.algapp_ingredients (id, name) VALUES (14, 'Flour');
INSERT INTO public.algapp_ingredients (id, name) VALUES (15, 'Eggs');
INSERT INTO public.algapp_ingredients (id, name) VALUES (16, 'Milk');
INSERT INTO public.algapp_ingredients (id, name) VALUES (17, 'Cheese');
INSERT INTO public.algapp_ingredients (id, name) VALUES (18, 'Carrots');
INSERT INTO public.algapp_ingredients (id, name) VALUES (19, 'Potatoes');
INSERT INTO public.algapp_ingredients (id, name) VALUES (20, 'Cucumber');
INSERT INTO public.algapp_ingredients (id, name) VALUES (21, 'Spinach');
INSERT INTO public.algapp_ingredients (id, name) VALUES (22, 'Basil');
INSERT INTO public.algapp_ingredients (id, name) VALUES (23, 'Parsley');
INSERT INTO public.algapp_ingredients (id, name) VALUES (24, 'Thyme');
INSERT INTO public.algapp_ingredients (id, name) VALUES (25, 'Oregano');
INSERT INTO public.algapp_ingredients (id, name) VALUES (26, 'Cumin');
INSERT INTO public.algapp_ingredients (id, name) VALUES (27, 'Paprika');
INSERT INTO public.algapp_ingredients (id, name) VALUES (28, 'Ginger');
INSERT INTO public.algapp_ingredients (id, name) VALUES (29, 'Soy sauce');
INSERT INTO public.algapp_ingredients (id, name) VALUES (30, 'Vinegar');
INSERT INTO public.algapp_ingredients (id, name) VALUES (31, 'Honey');
INSERT INTO public.algapp_ingredients (id, name) VALUES (32, 'Mustard');
INSERT INTO public.algapp_ingredients (id, name) VALUES (33, 'Chili powder');
INSERT INTO public.algapp_ingredients (id, name) VALUES (34, 'Turmeric');
INSERT INTO public.algapp_ingredients (id, name) VALUES (35, 'Bay leaves');
INSERT INTO public.algapp_ingredients (id, name) VALUES (36, 'Nutmeg');
INSERT INTO public.algapp_ingredients (id, name) VALUES (37, 'Cinnamon');
INSERT INTO public.algapp_ingredients (id, name) VALUES (38, 'Coriander');
INSERT INTO public.algapp_ingredients (id, name) VALUES (39, 'Celery');
INSERT INTO public.algapp_ingredients (id, name) VALUES (40, 'Bell peppers');
INSERT INTO public.algapp_ingredients (id, name) VALUES (41, 'Coconut milk');
INSERT INTO public.algapp_ingredients (id, name) VALUES (42, 'Worcestershire sauce');
INSERT INTO public.algapp_ingredients (id, name) VALUES (43, 'Sesame oil');
INSERT INTO public.algapp_ingredients (id, name) VALUES (44, 'Balsamic vinegar');
INSERT INTO public.algapp_ingredients (id, name) VALUES (45, 'Dill');
INSERT INTO public.algapp_ingredients (id, name) VALUES (46, 'Rosemary');
INSERT INTO public.algapp_ingredients (id, name) VALUES (47, 'Mint');
INSERT INTO public.algapp_ingredients (id, name) VALUES (48, 'Red wine');
INSERT INTO public.algapp_ingredients (id, name) VALUES (49, 'White wine');
INSERT INTO public.algapp_ingredients (id, name) VALUES (50, 'Fish sauce');
INSERT INTO public.algapp_ingredients (id, name) VALUES (51, 'Cilantro');
INSERT INTO public.algapp_ingredients (id, name) VALUES (52, 'Lime');
INSERT INTO public.algapp_ingredients (id, name) VALUES (53, 'Yogurt');
INSERT INTO public.algapp_ingredients (id, name) VALUES (54, 'Hoisin sauce');
INSERT INTO public.algapp_ingredients (id, name) VALUES (55, 'Green onions');
INSERT INTO public.algapp_ingredients (id, name) VALUES (56, 'Black beans');
INSERT INTO public.algapp_ingredients (id, name) VALUES (57, 'Cornstarch');
INSERT INTO public.algapp_ingredients (id, name) VALUES (58, 'Mayonnaise');
INSERT INTO public.algapp_ingredients (id, name) VALUES (59, 'Maple syrup');
INSERT INTO public.algapp_ingredients (id, name) VALUES (60, 'Brown sugar');
INSERT INTO public.algapp_ingredients (id, name) VALUES (61, 'Cayenne pepper');
INSERT INTO public.algapp_ingredients (id, name) VALUES (62, 'Tofu');
INSERT INTO public.algapp_ingredients (id, name) VALUES (63, 'Shrimp');
INSERT INTO public.algapp_ingredients (id, name) VALUES (64, 'Salmon');
INSERT INTO public.algapp_ingredients (id, name) VALUES (65, 'Crushed red pepper');
INSERT INTO public.algapp_ingredients (id, name) VALUES (66, 'Anchovies');
INSERT INTO public.algapp_ingredients (id, name) VALUES (67, 'Sour cream');
INSERT INTO public.algapp_ingredients (id, name) VALUES (68, 'Parmesan cheese');
INSERT INTO public.algapp_ingredients (id, name) VALUES (69, 'Cheddar cheese');
INSERT INTO public.algapp_ingredients (id, name) VALUES (70, 'Blue cheese');
INSERT INTO public.algapp_ingredients (id, name) VALUES (71, 'Ground turkey');
INSERT INTO public.algapp_ingredients (id, name) VALUES (72, 'Ground cumin');
INSERT INTO public.algapp_ingredients (id, name) VALUES (73, 'Ground coriander');
INSERT INTO public.algapp_ingredients (id, name) VALUES (74, 'Ground ginger');
INSERT INTO public.algapp_ingredients (id, name) VALUES (75, 'Tuna');
INSERT INTO public.algapp_ingredients (id, name) VALUES (76, 'Coconut oil');
INSERT INTO public.algapp_ingredients (id, name) VALUES (77, 'Sesame seeds');
INSERT INTO public.algapp_ingredients (id, name) VALUES (78, 'Rose water');
INSERT INTO public.algapp_ingredients (id, name) VALUES (79, 'Cardamom');
INSERT INTO public.algapp_ingredients (id, name) VALUES (80, 'Ground cloves');
INSERT INTO public.algapp_ingredients (id, name) VALUES (81, 'Almonds');
INSERT INTO public.algapp_ingredients (id, name) VALUES (82, 'Cashews');
INSERT INTO public.algapp_ingredients (id, name) VALUES (83, 'Peppermint extract');
INSERT INTO public.algapp_ingredients (id, name) VALUES (84, 'Raisins');
INSERT INTO public.algapp_ingredients (id, name) VALUES (85, 'Oats');
INSERT INTO public.algapp_ingredients (id, name) VALUES (86, 'Quinoa');
INSERT INTO public.algapp_ingredients (id, name) VALUES (87, 'Avocado');
INSERT INTO public.algapp_ingredients (id, name) VALUES (88, 'Pineapple');
INSERT INTO public.algapp_ingredients (id, name) VALUES (89, 'Orange');
INSERT INTO public.algapp_ingredients (id, name) VALUES (90, 'Lime juice');
INSERT INTO public.algapp_ingredients (id, name) VALUES (91, 'Zucchini');
INSERT INTO public.algapp_ingredients (id, name) VALUES (92, 'Kale');
INSERT INTO public.algapp_ingredients (id, name) VALUES (93, 'Red onion');
INSERT INTO public.algapp_ingredients (id, name) VALUES (94, 'Brown rice');
INSERT INTO public.algapp_ingredients (id, name) VALUES (95, 'Ground beef');
INSERT INTO public.algapp_ingredients (id, name) VALUES (96, 'Ground pork');
INSERT INTO public.algapp_ingredients (id, name) VALUES (97, 'Cocoa powder');
INSERT INTO public.algapp_ingredients (id, name) VALUES (98, 'Tomato paste');
INSERT INTO public.algapp_ingredients (id, name) VALUES (99, 'Tomato sauce');
INSERT INTO public.algapp_ingredients (id, name) VALUES (100, 'Red pepper flakes');
INSERT INTO public.algapp_ingredients (id, name) VALUES (101, 'Breadcrumbs');
INSERT INTO public.algapp_ingredients (id, name) VALUES (102, 'Baking powder');
INSERT INTO public.algapp_ingredients (id, name) VALUES (103, 'Baking soda');
INSERT INTO public.algapp_ingredients (id, name) VALUES (104, 'Vanilla extract');
INSERT INTO public.algapp_ingredients (id, name) VALUES (105, 'Ground cinnamon');
INSERT INTO public.algapp_ingredients (id, name) VALUES (106, 'Chicken broth');
INSERT INTO public.algapp_ingredients (id, name) VALUES (107, 'Peanut butter');
INSERT INTO public.algapp_ingredients (id, name) VALUES (108, 'Apple');
INSERT INTO public.algapp_ingredients (id, name) VALUES (109, 'Green beans');
INSERT INTO public.algapp_ingredients (id, name) VALUES (110, 'Shallots');
INSERT INTO public.algapp_ingredients (id, name) VALUES (111, 'Mushrooms');
INSERT INTO public.algapp_ingredients (id, name) VALUES (112, 'Brussels sprouts');
INSERT INTO public.algapp_ingredients (id, name) VALUES (113, 'Lentils');
INSERT INTO public.algapp_ingredients (id, name) VALUES (114, 'Walnuts');
INSERT INTO public.algapp_ingredients (id, name) VALUES (115, 'Sunflower seeds');
INSERT INTO public.algapp_ingredients (id, name) VALUES (116, 'Poppy seeds');
INSERT INTO public.algapp_ingredients (id, name) VALUES (117, 'Chia seeds');
INSERT INTO public.algapp_ingredients (id, name) VALUES (118, 'Ground nutmeg');
INSERT INTO public.algapp_ingredients (id, name) VALUES (119, 'Ground turmeric');
INSERT INTO public.algapp_ingredients (id, name) VALUES (120, 'Ground paprika');
INSERT INTO public.algapp_ingredients (id, name) VALUES (121, 'Ground cayenne pepper');
INSERT INTO public.algapp_ingredients (id, name) VALUES (122, 'Barbecue sauce');
INSERT INTO public.algapp_ingredients (id, name) VALUES (123, 'Salsa');
INSERT INTO public.algapp_ingredients (id, name) VALUES (124, 'Sweet potatoes');
INSERT INTO public.algapp_ingredients (id, name) VALUES (125, 'Provolone cheese');
INSERT INTO public.algapp_ingredients (id, name) VALUES (126, 'Ricotta cheese');
INSERT INTO public.algapp_ingredients (id, name) VALUES (127, 'Artichokes');
INSERT INTO public.algapp_ingredients (id, name) VALUES (128, 'Yellow onion');
INSERT INTO public.algapp_ingredients (id, name) VALUES (129, 'Rosemary leaves');
INSERT INTO public.algapp_ingredients (id, name) VALUES (130, 'Ground thyme');
INSERT INTO public.algapp_ingredients (id, name) VALUES (131, 'Sage');
INSERT INTO public.algapp_ingredients (id, name) VALUES (132, 'Parsnip');
INSERT INTO public.algapp_ingredients (id, name) VALUES (133, 'Watermelon');
INSERT INTO public.algapp_ingredients (id, name) VALUES (134, 'Red curry paste');
INSERT INTO public.algapp_ingredients (id, name) VALUES (135, 'Pesto');
INSERT INTO public.algapp_ingredients (id, name) VALUES (136, 'White vinegar');
INSERT INTO public.algapp_ingredients (id, name) VALUES (137, 'Tabasco sauce');
INSERT INTO public.algapp_ingredients (id, name) VALUES (138, 'Ground allspice');
INSERT INTO public.algapp_ingredients (id, name) VALUES (139, 'Ground fennel');
INSERT INTO public.algapp_ingredients (id, name) VALUES (140, 'Hazelnuts');
INSERT INTO public.algapp_ingredients (id, name) VALUES (141, 'Pecans');
INSERT INTO public.algapp_ingredients (id, name) VALUES (142, 'Flaxseed');
INSERT INTO public.algapp_ingredients (id, name) VALUES (143, 'Seaweed');
INSERT INTO public.algapp_ingredients (id, name) VALUES (144, 'Garam masala');
INSERT INTO public.algapp_ingredients (id, name) VALUES (145, 'Crushed tomatoes');
INSERT INTO public.algapp_ingredients (id, name) VALUES (146, 'Fresh ginger');
INSERT INTO public.algapp_ingredients (id, name) VALUES (147, 'Cilantro leaves');
INSERT INTO public.algapp_ingredients (id, name) VALUES (148, 'Tomato juice');
INSERT INTO public.algapp_ingredients (id, name) VALUES (149, 'Pomegranate molasses');
INSERT INTO public.algapp_ingredients (id, name) VALUES (150, 'Chickpeas');
INSERT INTO public.algapp_ingredients (id, name) VALUES (151, 'Red lentils');
INSERT INTO public.algapp_ingredients (id, name) VALUES (152, 'Wheat flour');
INSERT INTO public.algapp_ingredients (id, name) VALUES (153, 'Chickpea flour');
INSERT INTO public.algapp_ingredients (id, name) VALUES (154, 'Pita bread');
INSERT INTO public.algapp_ingredients (id, name) VALUES (155, 'Popcorn');
INSERT INTO public.algapp_ingredients (id, name) VALUES (156, 'Lavender');
INSERT INTO public.algapp_ingredients (id, name) VALUES (157, 'Arrowroot powder');
INSERT INTO public.algapp_ingredients (id, name) VALUES (158, 'Marjoram');
INSERT INTO public.algapp_ingredients (id, name) VALUES (159, 'Bouillon cubes');
INSERT INTO public.algapp_ingredients (id, name) VALUES (160, 'Olives');
INSERT INTO public.algapp_ingredients (id, name) VALUES (161, 'GarlicN');
INSERT INTO public.algapp_ingredients (id, name) VALUES (162, 'GarlicN1');
INSERT INTO public.algapp_ingredients (id, name) VALUES (163, 'paprika');
INSERT INTO public.algapp_ingredients (id, name) VALUES (164, 'Mozarella');
INSERT INTO public.algapp_ingredients (id, name) VALUES (165, 'Eggplant');


--
-- TOC entry 3901 (class 0 OID 18352)
-- Dependencies: 238
-- Data for Name: algapp_menu; Type: TABLE DATA; Schema: public; Owner: postgres
--

INSERT INTO public.algapp_menu (id) VALUES (1);
INSERT INTO public.algapp_menu (id) VALUES (2);
INSERT INTO public.algapp_menu (id) VALUES (3);
INSERT INTO public.algapp_menu (id) VALUES (4);
INSERT INTO public.algapp_menu (id) VALUES (5);
INSERT INTO public.algapp_menu (id) VALUES (6);
INSERT INTO public.algapp_menu (id) VALUES (7);
INSERT INTO public.algapp_menu (id) VALUES (8);
INSERT INTO public.algapp_menu (id) VALUES (9);
INSERT INTO public.algapp_menu (id) VALUES (10);
INSERT INTO public.algapp_menu (id) VALUES (11);
INSERT INTO public.algapp_menu (id) VALUES (12);
INSERT INTO public.algapp_menu (id) VALUES (13);
INSERT INTO public.algapp_menu (id) VALUES (14);
INSERT INTO public.algapp_menu (id) VALUES (15);
INSERT INTO public.algapp_menu (id) VALUES (16);
INSERT INTO public.algapp_menu (id) VALUES (17);
INSERT INTO public.algapp_menu (id) VALUES (18);
INSERT INTO public.algapp_menu (id) VALUES (19);
INSERT INTO public.algapp_menu (id) VALUES (20);
INSERT INTO public.algapp_menu (id) VALUES (21);
INSERT INTO public.algapp_menu (id) VALUES (22);
INSERT INTO public.algapp_menu (id) VALUES (23);
INSERT INTO public.algapp_menu (id) VALUES (24);
INSERT INTO public.algapp_menu (id) VALUES (25);
INSERT INTO public.algapp_menu (id) VALUES (26);
INSERT INTO public.algapp_menu (id) VALUES (27);
INSERT INTO public.algapp_menu (id) VALUES (28);
INSERT INTO public.algapp_menu (id) VALUES (29);
INSERT INTO public.algapp_menu (id) VALUES (30);
INSERT INTO public.algapp_menu (id) VALUES (31);
INSERT INTO public.algapp_menu (id) VALUES (32);
INSERT INTO public.algapp_menu (id) VALUES (33);
INSERT INTO public.algapp_menu (id) VALUES (34);
INSERT INTO public.algapp_menu (id) VALUES (35);
INSERT INTO public.algapp_menu (id) VALUES (36);
INSERT INTO public.algapp_menu (id) VALUES (37);
INSERT INTO public.algapp_menu (id) VALUES (38);
INSERT INTO public.algapp_menu (id) VALUES (39);
INSERT INTO public.algapp_menu (id) VALUES (40);
INSERT INTO public.algapp_menu (id) VALUES (41);
INSERT INTO public.algapp_menu (id) VALUES (42);
INSERT INTO public.algapp_menu (id) VALUES (43);
INSERT INTO public.algapp_menu (id) VALUES (44);
INSERT INTO public.algapp_menu (id) VALUES (45);
INSERT INTO public.algapp_menu (id) VALUES (46);
INSERT INTO public.algapp_menu (id) VALUES (47);
INSERT INTO public.algapp_menu (id) VALUES (48);
INSERT INTO public.algapp_menu (id) VALUES (49);
INSERT INTO public.algapp_menu (id) VALUES (50);
INSERT INTO public.algapp_menu (id) VALUES (51);
INSERT INTO public.algapp_menu (id) VALUES (52);
INSERT INTO public.algapp_menu (id) VALUES (53);
INSERT INTO public.algapp_menu (id) VALUES (54);
INSERT INTO public.algapp_menu (id) VALUES (55);
INSERT INTO public.algapp_menu (id) VALUES (56);
INSERT INTO public.algapp_menu (id) VALUES (57);
INSERT INTO public.algapp_menu (id) VALUES (58);
INSERT INTO public.algapp_menu (id) VALUES (59);
INSERT INTO public.algapp_menu (id) VALUES (60);
INSERT INTO public.algapp_menu (id) VALUES (61);
INSERT INTO public.algapp_menu (id) VALUES (62);
INSERT INTO public.algapp_menu (id) VALUES (63);
INSERT INTO public.algapp_menu (id) VALUES (64);
INSERT INTO public.algapp_menu (id) VALUES (65);
INSERT INTO public.algapp_menu (id) VALUES (66);
INSERT INTO public.algapp_menu (id) VALUES (67);
INSERT INTO public.algapp_menu (id) VALUES (68);
INSERT INTO public.algapp_menu (id) VALUES (69);
INSERT INTO public.algapp_menu (id) VALUES (70);
INSERT INTO public.algapp_menu (id) VALUES (71);
INSERT INTO public.algapp_menu (id) VALUES (72);
INSERT INTO public.algapp_menu (id) VALUES (73);
INSERT INTO public.algapp_menu (id) VALUES (74);
INSERT INTO public.algapp_menu (id) VALUES (75);
INSERT INTO public.algapp_menu (id) VALUES (76);
INSERT INTO public.algapp_menu (id) VALUES (77);
INSERT INTO public.algapp_menu (id) VALUES (78);
INSERT INTO public.algapp_menu (id) VALUES (79);
INSERT INTO public.algapp_menu (id) VALUES (80);
INSERT INTO public.algapp_menu (id) VALUES (81);
INSERT INTO public.algapp_menu (id) VALUES (82);
INSERT INTO public.algapp_menu (id) VALUES (83);
INSERT INTO public.algapp_menu (id) VALUES (84);
INSERT INTO public.algapp_menu (id) VALUES (85);
INSERT INTO public.algapp_menu (id) VALUES (86);
INSERT INTO public.algapp_menu (id) VALUES (87);
INSERT INTO public.algapp_menu (id) VALUES (88);
INSERT INTO public.algapp_menu (id) VALUES (89);
INSERT INTO public.algapp_menu (id) VALUES (90);
INSERT INTO public.algapp_menu (id) VALUES (91);
INSERT INTO public.algapp_menu (id) VALUES (92);
INSERT INTO public.algapp_menu (id) VALUES (93);
INSERT INTO public.algapp_menu (id) VALUES (94);
INSERT INTO public.algapp_menu (id) VALUES (95);
INSERT INTO public.algapp_menu (id) VALUES (96);
INSERT INTO public.algapp_menu (id) VALUES (97);
INSERT INTO public.algapp_menu (id) VALUES (98);
INSERT INTO public.algapp_menu (id) VALUES (99);
INSERT INTO public.algapp_menu (id) VALUES (100);
INSERT INTO public.algapp_menu (id) VALUES (101);
INSERT INTO public.algapp_menu (id) VALUES (102);
INSERT INTO public.algapp_menu (id) VALUES (103);
INSERT INTO public.algapp_menu (id) VALUES (104);
INSERT INTO public.algapp_menu (id) VALUES (105);
INSERT INTO public.algapp_menu (id) VALUES (106);
INSERT INTO public.algapp_menu (id) VALUES (107);
INSERT INTO public.algapp_menu (id) VALUES (108);
INSERT INTO public.algapp_menu (id) VALUES (109);
INSERT INTO public.algapp_menu (id) VALUES (110);
INSERT INTO public.algapp_menu (id) VALUES (111);
INSERT INTO public.algapp_menu (id) VALUES (112);
INSERT INTO public.algapp_menu (id) VALUES (113);
INSERT INTO public.algapp_menu (id) VALUES (114);
INSERT INTO public.algapp_menu (id) VALUES (115);
INSERT INTO public.algapp_menu (id) VALUES (116);
INSERT INTO public.algapp_menu (id) VALUES (117);
INSERT INTO public.algapp_menu (id) VALUES (118);
INSERT INTO public.algapp_menu (id) VALUES (119);
INSERT INTO public.algapp_menu (id) VALUES (120);
INSERT INTO public.algapp_menu (id) VALUES (121);
INSERT INTO public.algapp_menu (id) VALUES (122);
INSERT INTO public.algapp_menu (id) VALUES (123);
INSERT INTO public.algapp_menu (id) VALUES (124);
INSERT INTO public.algapp_menu (id) VALUES (125);
INSERT INTO public.algapp_menu (id) VALUES (126);
INSERT INTO public.algapp_menu (id) VALUES (127);
INSERT INTO public.algapp_menu (id) VALUES (128);
INSERT INTO public.algapp_menu (id) VALUES (129);
INSERT INTO public.algapp_menu (id) VALUES (130);
INSERT INTO public.algapp_menu (id) VALUES (131);
INSERT INTO public.algapp_menu (id) VALUES (132);
INSERT INTO public.algapp_menu (id) VALUES (133);
INSERT INTO public.algapp_menu (id) VALUES (134);
INSERT INTO public.algapp_menu (id) VALUES (135);
INSERT INTO public.algapp_menu (id) VALUES (136);
INSERT INTO public.algapp_menu (id) VALUES (137);
INSERT INTO public.algapp_menu (id) VALUES (138);
INSERT INTO public.algapp_menu (id) VALUES (139);
INSERT INTO public.algapp_menu (id) VALUES (140);
INSERT INTO public.algapp_menu (id) VALUES (141);
INSERT INTO public.algapp_menu (id) VALUES (142);
INSERT INTO public.algapp_menu (id) VALUES (143);
INSERT INTO public.algapp_menu (id) VALUES (144);
INSERT INTO public.algapp_menu (id) VALUES (145);
INSERT INTO public.algapp_menu (id) VALUES (146);
INSERT INTO public.algapp_menu (id) VALUES (147);
INSERT INTO public.algapp_menu (id) VALUES (148);
INSERT INTO public.algapp_menu (id) VALUES (149);
INSERT INTO public.algapp_menu (id) VALUES (150);
INSERT INTO public.algapp_menu (id) VALUES (151);
INSERT INTO public.algapp_menu (id) VALUES (152);
INSERT INTO public.algapp_menu (id) VALUES (153);
INSERT INTO public.algapp_menu (id) VALUES (154);
INSERT INTO public.algapp_menu (id) VALUES (155);
INSERT INTO public.algapp_menu (id) VALUES (156);
INSERT INTO public.algapp_menu (id) VALUES (157);
INSERT INTO public.algapp_menu (id) VALUES (158);
INSERT INTO public.algapp_menu (id) VALUES (159);
INSERT INTO public.algapp_menu (id) VALUES (160);
INSERT INTO public.algapp_menu (id) VALUES (161);
INSERT INTO public.algapp_menu (id) VALUES (162);
INSERT INTO public.algapp_menu (id) VALUES (163);
INSERT INTO public.algapp_menu (id) VALUES (164);
INSERT INTO public.algapp_menu (id) VALUES (165);
INSERT INTO public.algapp_menu (id) VALUES (166);
INSERT INTO public.algapp_menu (id) VALUES (167);
INSERT INTO public.algapp_menu (id) VALUES (168);
INSERT INTO public.algapp_menu (id) VALUES (169);
INSERT INTO public.algapp_menu (id) VALUES (170);
INSERT INTO public.algapp_menu (id) VALUES (171);
INSERT INTO public.algapp_menu (id) VALUES (172);
INSERT INTO public.algapp_menu (id) VALUES (173);
INSERT INTO public.algapp_menu (id) VALUES (174);
INSERT INTO public.algapp_menu (id) VALUES (175);
INSERT INTO public.algapp_menu (id) VALUES (176);
INSERT INTO public.algapp_menu (id) VALUES (177);
INSERT INTO public.algapp_menu (id) VALUES (178);
INSERT INTO public.algapp_menu (id) VALUES (179);
INSERT INTO public.algapp_menu (id) VALUES (180);
INSERT INTO public.algapp_menu (id) VALUES (181);
INSERT INTO public.algapp_menu (id) VALUES (182);
INSERT INTO public.algapp_menu (id) VALUES (183);
INSERT INTO public.algapp_menu (id) VALUES (184);
INSERT INTO public.algapp_menu (id) VALUES (185);
INSERT INTO public.algapp_menu (id) VALUES (186);
INSERT INTO public.algapp_menu (id) VALUES (187);
INSERT INTO public.algapp_menu (id) VALUES (188);
INSERT INTO public.algapp_menu (id) VALUES (189);
INSERT INTO public.algapp_menu (id) VALUES (190);
INSERT INTO public.algapp_menu (id) VALUES (191);
INSERT INTO public.algapp_menu (id) VALUES (192);
INSERT INTO public.algapp_menu (id) VALUES (193);
INSERT INTO public.algapp_menu (id) VALUES (194);
INSERT INTO public.algapp_menu (id) VALUES (195);
INSERT INTO public.algapp_menu (id) VALUES (196);
INSERT INTO public.algapp_menu (id) VALUES (197);
INSERT INTO public.algapp_menu (id) VALUES (198);
INSERT INTO public.algapp_menu (id) VALUES (199);
INSERT INTO public.algapp_menu (id) VALUES (200);
INSERT INTO public.algapp_menu (id) VALUES (201);
INSERT INTO public.algapp_menu (id) VALUES (202);
INSERT INTO public.algapp_menu (id) VALUES (203);
INSERT INTO public.algapp_menu (id) VALUES (204);
INSERT INTO public.algapp_menu (id) VALUES (205);
INSERT INTO public.algapp_menu (id) VALUES (206);
INSERT INTO public.algapp_menu (id) VALUES (207);
INSERT INTO public.algapp_menu (id) VALUES (208);
INSERT INTO public.algapp_menu (id) VALUES (209);
INSERT INTO public.algapp_menu (id) VALUES (210);
INSERT INTO public.algapp_menu (id) VALUES (211);
INSERT INTO public.algapp_menu (id) VALUES (212);
INSERT INTO public.algapp_menu (id) VALUES (213);
INSERT INTO public.algapp_menu (id) VALUES (214);
INSERT INTO public.algapp_menu (id) VALUES (215);
INSERT INTO public.algapp_menu (id) VALUES (216);
INSERT INTO public.algapp_menu (id) VALUES (217);
INSERT INTO public.algapp_menu (id) VALUES (218);
INSERT INTO public.algapp_menu (id) VALUES (219);
INSERT INTO public.algapp_menu (id) VALUES (220);
INSERT INTO public.algapp_menu (id) VALUES (221);
INSERT INTO public.algapp_menu (id) VALUES (222);
INSERT INTO public.algapp_menu (id) VALUES (223);
INSERT INTO public.algapp_menu (id) VALUES (224);
INSERT INTO public.algapp_menu (id) VALUES (225);
INSERT INTO public.algapp_menu (id) VALUES (226);
INSERT INTO public.algapp_menu (id) VALUES (227);
INSERT INTO public.algapp_menu (id) VALUES (228);
INSERT INTO public.algapp_menu (id) VALUES (229);
INSERT INTO public.algapp_menu (id) VALUES (230);
INSERT INTO public.algapp_menu (id) VALUES (231);
INSERT INTO public.algapp_menu (id) VALUES (232);
INSERT INTO public.algapp_menu (id) VALUES (233);
INSERT INTO public.algapp_menu (id) VALUES (234);
INSERT INTO public.algapp_menu (id) VALUES (235);
INSERT INTO public.algapp_menu (id) VALUES (236);
INSERT INTO public.algapp_menu (id) VALUES (237);
INSERT INTO public.algapp_menu (id) VALUES (238);
INSERT INTO public.algapp_menu (id) VALUES (239);
INSERT INTO public.algapp_menu (id) VALUES (240);
INSERT INTO public.algapp_menu (id) VALUES (241);
INSERT INTO public.algapp_menu (id) VALUES (242);
INSERT INTO public.algapp_menu (id) VALUES (243);
INSERT INTO public.algapp_menu (id) VALUES (244);
INSERT INTO public.algapp_menu (id) VALUES (245);
INSERT INTO public.algapp_menu (id) VALUES (246);
INSERT INTO public.algapp_menu (id) VALUES (247);
INSERT INTO public.algapp_menu (id) VALUES (248);
INSERT INTO public.algapp_menu (id) VALUES (249);
INSERT INTO public.algapp_menu (id) VALUES (250);
INSERT INTO public.algapp_menu (id) VALUES (251);
INSERT INTO public.algapp_menu (id) VALUES (252);
INSERT INTO public.algapp_menu (id) VALUES (253);
INSERT INTO public.algapp_menu (id) VALUES (254);
INSERT INTO public.algapp_menu (id) VALUES (255);
INSERT INTO public.algapp_menu (id) VALUES (256);
INSERT INTO public.algapp_menu (id) VALUES (257);
INSERT INTO public.algapp_menu (id) VALUES (258);
INSERT INTO public.algapp_menu (id) VALUES (259);
INSERT INTO public.algapp_menu (id) VALUES (260);
INSERT INTO public.algapp_menu (id) VALUES (261);
INSERT INTO public.algapp_menu (id) VALUES (262);
INSERT INTO public.algapp_menu (id) VALUES (263);
INSERT INTO public.algapp_menu (id) VALUES (264);
INSERT INTO public.algapp_menu (id) VALUES (265);
INSERT INTO public.algapp_menu (id) VALUES (266);
INSERT INTO public.algapp_menu (id) VALUES (267);
INSERT INTO public.algapp_menu (id) VALUES (268);
INSERT INTO public.algapp_menu (id) VALUES (269);
INSERT INTO public.algapp_menu (id) VALUES (270);
INSERT INTO public.algapp_menu (id) VALUES (271);
INSERT INTO public.algapp_menu (id) VALUES (272);
INSERT INTO public.algapp_menu (id) VALUES (273);
INSERT INTO public.algapp_menu (id) VALUES (274);
INSERT INTO public.algapp_menu (id) VALUES (275);
INSERT INTO public.algapp_menu (id) VALUES (276);
INSERT INTO public.algapp_menu (id) VALUES (277);
INSERT INTO public.algapp_menu (id) VALUES (278);
INSERT INTO public.algapp_menu (id) VALUES (279);
INSERT INTO public.algapp_menu (id) VALUES (280);
INSERT INTO public.algapp_menu (id) VALUES (281);
INSERT INTO public.algapp_menu (id) VALUES (282);
INSERT INTO public.algapp_menu (id) VALUES (283);
INSERT INTO public.algapp_menu (id) VALUES (284);
INSERT INTO public.algapp_menu (id) VALUES (285);
INSERT INTO public.algapp_menu (id) VALUES (286);
INSERT INTO public.algapp_menu (id) VALUES (287);
INSERT INTO public.algapp_menu (id) VALUES (288);
INSERT INTO public.algapp_menu (id) VALUES (289);
INSERT INTO public.algapp_menu (id) VALUES (290);
INSERT INTO public.algapp_menu (id) VALUES (291);
INSERT INTO public.algapp_menu (id) VALUES (292);
INSERT INTO public.algapp_menu (id) VALUES (293);
INSERT INTO public.algapp_menu (id) VALUES (294);
INSERT INTO public.algapp_menu (id) VALUES (295);
INSERT INTO public.algapp_menu (id) VALUES (296);
INSERT INTO public.algapp_menu (id) VALUES (297);
INSERT INTO public.algapp_menu (id) VALUES (298);
INSERT INTO public.algapp_menu (id) VALUES (299);
INSERT INTO public.algapp_menu (id) VALUES (300);
INSERT INTO public.algapp_menu (id) VALUES (301);
INSERT INTO public.algapp_menu (id) VALUES (302);
INSERT INTO public.algapp_menu (id) VALUES (303);
INSERT INTO public.algapp_menu (id) VALUES (304);
INSERT INTO public.algapp_menu (id) VALUES (305);
INSERT INTO public.algapp_menu (id) VALUES (306);
INSERT INTO public.algapp_menu (id) VALUES (307);
INSERT INTO public.algapp_menu (id) VALUES (308);
INSERT INTO public.algapp_menu (id) VALUES (309);
INSERT INTO public.algapp_menu (id) VALUES (310);
INSERT INTO public.algapp_menu (id) VALUES (311);
INSERT INTO public.algapp_menu (id) VALUES (312);
INSERT INTO public.algapp_menu (id) VALUES (313);
INSERT INTO public.algapp_menu (id) VALUES (314);
INSERT INTO public.algapp_menu (id) VALUES (315);
INSERT INTO public.algapp_menu (id) VALUES (316);
INSERT INTO public.algapp_menu (id) VALUES (317);
INSERT INTO public.algapp_menu (id) VALUES (318);
INSERT INTO public.algapp_menu (id) VALUES (319);
INSERT INTO public.algapp_menu (id) VALUES (320);
INSERT INTO public.algapp_menu (id) VALUES (321);
INSERT INTO public.algapp_menu (id) VALUES (322);
INSERT INTO public.algapp_menu (id) VALUES (323);
INSERT INTO public.algapp_menu (id) VALUES (324);
INSERT INTO public.algapp_menu (id) VALUES (325);
INSERT INTO public.algapp_menu (id) VALUES (326);
INSERT INTO public.algapp_menu (id) VALUES (327);
INSERT INTO public.algapp_menu (id) VALUES (328);
INSERT INTO public.algapp_menu (id) VALUES (329);
INSERT INTO public.algapp_menu (id) VALUES (330);
INSERT INTO public.algapp_menu (id) VALUES (331);
INSERT INTO public.algapp_menu (id) VALUES (332);
INSERT INTO public.algapp_menu (id) VALUES (333);
INSERT INTO public.algapp_menu (id) VALUES (334);
INSERT INTO public.algapp_menu (id) VALUES (335);
INSERT INTO public.algapp_menu (id) VALUES (336);
INSERT INTO public.algapp_menu (id) VALUES (337);
INSERT INTO public.algapp_menu (id) VALUES (338);
INSERT INTO public.algapp_menu (id) VALUES (339);
INSERT INTO public.algapp_menu (id) VALUES (340);
INSERT INTO public.algapp_menu (id) VALUES (341);
INSERT INTO public.algapp_menu (id) VALUES (342);
INSERT INTO public.algapp_menu (id) VALUES (343);
INSERT INTO public.algapp_menu (id) VALUES (344);
INSERT INTO public.algapp_menu (id) VALUES (345);
INSERT INTO public.algapp_menu (id) VALUES (346);
INSERT INTO public.algapp_menu (id) VALUES (347);
INSERT INTO public.algapp_menu (id) VALUES (348);
INSERT INTO public.algapp_menu (id) VALUES (349);
INSERT INTO public.algapp_menu (id) VALUES (350);
INSERT INTO public.algapp_menu (id) VALUES (351);
INSERT INTO public.algapp_menu (id) VALUES (352);
INSERT INTO public.algapp_menu (id) VALUES (353);
INSERT INTO public.algapp_menu (id) VALUES (354);
INSERT INTO public.algapp_menu (id) VALUES (355);
INSERT INTO public.algapp_menu (id) VALUES (356);
INSERT INTO public.algapp_menu (id) VALUES (357);
INSERT INTO public.algapp_menu (id) VALUES (358);
INSERT INTO public.algapp_menu (id) VALUES (359);
INSERT INTO public.algapp_menu (id) VALUES (360);
INSERT INTO public.algapp_menu (id) VALUES (361);
INSERT INTO public.algapp_menu (id) VALUES (362);
INSERT INTO public.algapp_menu (id) VALUES (363);
INSERT INTO public.algapp_menu (id) VALUES (364);
INSERT INTO public.algapp_menu (id) VALUES (365);
INSERT INTO public.algapp_menu (id) VALUES (366);
INSERT INTO public.algapp_menu (id) VALUES (367);
INSERT INTO public.algapp_menu (id) VALUES (368);
INSERT INTO public.algapp_menu (id) VALUES (369);
INSERT INTO public.algapp_menu (id) VALUES (370);
INSERT INTO public.algapp_menu (id) VALUES (371);
INSERT INTO public.algapp_menu (id) VALUES (372);
INSERT INTO public.algapp_menu (id) VALUES (373);
INSERT INTO public.algapp_menu (id) VALUES (374);
INSERT INTO public.algapp_menu (id) VALUES (375);
INSERT INTO public.algapp_menu (id) VALUES (376);
INSERT INTO public.algapp_menu (id) VALUES (377);
INSERT INTO public.algapp_menu (id) VALUES (378);
INSERT INTO public.algapp_menu (id) VALUES (379);
INSERT INTO public.algapp_menu (id) VALUES (380);
INSERT INTO public.algapp_menu (id) VALUES (381);
INSERT INTO public.algapp_menu (id) VALUES (382);
INSERT INTO public.algapp_menu (id) VALUES (383);
INSERT INTO public.algapp_menu (id) VALUES (384);
INSERT INTO public.algapp_menu (id) VALUES (385);
INSERT INTO public.algapp_menu (id) VALUES (386);
INSERT INTO public.algapp_menu (id) VALUES (387);
INSERT INTO public.algapp_menu (id) VALUES (388);
INSERT INTO public.algapp_menu (id) VALUES (389);
INSERT INTO public.algapp_menu (id) VALUES (390);
INSERT INTO public.algapp_menu (id) VALUES (391);
INSERT INTO public.algapp_menu (id) VALUES (392);
INSERT INTO public.algapp_menu (id) VALUES (393);
INSERT INTO public.algapp_menu (id) VALUES (394);
INSERT INTO public.algapp_menu (id) VALUES (395);
INSERT INTO public.algapp_menu (id) VALUES (396);
INSERT INTO public.algapp_menu (id) VALUES (397);
INSERT INTO public.algapp_menu (id) VALUES (398);
INSERT INTO public.algapp_menu (id) VALUES (399);
INSERT INTO public.algapp_menu (id) VALUES (400);
INSERT INTO public.algapp_menu (id) VALUES (401);
INSERT INTO public.algapp_menu (id) VALUES (402);
INSERT INTO public.algapp_menu (id) VALUES (403);
INSERT INTO public.algapp_menu (id) VALUES (404);
INSERT INTO public.algapp_menu (id) VALUES (405);
INSERT INTO public.algapp_menu (id) VALUES (406);
INSERT INTO public.algapp_menu (id) VALUES (407);
INSERT INTO public.algapp_menu (id) VALUES (408);
INSERT INTO public.algapp_menu (id) VALUES (409);
INSERT INTO public.algapp_menu (id) VALUES (410);
INSERT INTO public.algapp_menu (id) VALUES (411);
INSERT INTO public.algapp_menu (id) VALUES (412);
INSERT INTO public.algapp_menu (id) VALUES (413);
INSERT INTO public.algapp_menu (id) VALUES (414);
INSERT INTO public.algapp_menu (id) VALUES (415);
INSERT INTO public.algapp_menu (id) VALUES (416);
INSERT INTO public.algapp_menu (id) VALUES (417);
INSERT INTO public.algapp_menu (id) VALUES (418);


--
-- TOC entry 3903 (class 0 OID 18358)
-- Dependencies: 240
-- Data for Name: algapp_menu_dish_id; Type: TABLE DATA; Schema: public; Owner: postgres
--

INSERT INTO public.algapp_menu_dish_id (id, menu_id, dishesing_id) VALUES (456, 412, 59);
INSERT INTO public.algapp_menu_dish_id (id, menu_id, dishesing_id) VALUES (457, 413, 60);
INSERT INTO public.algapp_menu_dish_id (id, menu_id, dishesing_id) VALUES (458, 414, 61);
INSERT INTO public.algapp_menu_dish_id (id, menu_id, dishesing_id) VALUES (459, 415, 62);
INSERT INTO public.algapp_menu_dish_id (id, menu_id, dishesing_id) VALUES (460, 416, 63);
INSERT INTO public.algapp_menu_dish_id (id, menu_id, dishesing_id) VALUES (461, 417, 64);


--
-- TOC entry 3905 (class 0 OID 18364)
-- Dependencies: 242
-- Data for Name: algapp_menu_restaurant_id; Type: TABLE DATA; Schema: public; Owner: postgres
--

INSERT INTO public.algapp_menu_restaurant_id (id, menu_id, restaurant_id) VALUES (412, 412, 55);
INSERT INTO public.algapp_menu_restaurant_id (id, menu_id, restaurant_id) VALUES (413, 413, 55);
INSERT INTO public.algapp_menu_restaurant_id (id, menu_id, restaurant_id) VALUES (414, 414, 55);
INSERT INTO public.algapp_menu_restaurant_id (id, menu_id, restaurant_id) VALUES (415, 415, 55);
INSERT INTO public.algapp_menu_restaurant_id (id, menu_id, restaurant_id) VALUES (416, 416, 55);
INSERT INTO public.algapp_menu_restaurant_id (id, menu_id, restaurant_id) VALUES (417, 417, 55);
INSERT INTO public.algapp_menu_restaurant_id (id, menu_id, restaurant_id) VALUES (418, 418, 56);


--
-- TOC entry 3899 (class 0 OID 18335)
-- Dependencies: 236
-- Data for Name: algapp_restaurant; Type: TABLE DATA; Schema: public; Owner: postgres
--

INSERT INTO public.algapp_restaurant (id, name, address, user_id) VALUES (55, 'Cafe Italia', '2626000, Israel, Haifa, Herzel st., 17/A', 19);
INSERT INTO public.algapp_restaurant (id, name, address, user_id) VALUES (56, 'Aroma', 'Dizengof, 1', 30);


--
-- TOC entry 3911 (class 0 OID 19739)
-- Dependencies: 248
-- Data for Name: algapp_statistic; Type: TABLE DATA; Schema: public; Owner: postgres
--

INSERT INTO public.algapp_statistic (id, file) VALUES (4, '{"id": "cmpl-7NNZL9GItu6Et2GukYEdtLyJSLmT6", "model": "text-davinci-003", "usage": {"total_tokens": 159, "prompt_tokens": 9, "completion_tokens": 150}, "object": "text_completion", "choices": [{"text": "\n\nCarrot Pie\n\nIngredients:\n\n- 2 cups all-purpose flour\n\n- 1 teaspoon baking powder\n\n- 1 teaspoon salt\n\n- 1/2 cup butter, melted\n\n- 1/2 cup white sugar\n\n- 1/2 cup packed brown sugar\n\n- 2 eggs\n\n- 1 teaspoon vanilla extract\n\n- 2 cups grated carrots\n\n- 1/2 cup raisins\n\n- 1/2 cup chopped dates\n\n- 1/2 cup chopped dried apricots\n\n- 1/2 cup chopped dried figs\n\n- 1/2 cup chopped dried pineapple\n\n- 1/2 cup chopped dried mango\n\n- 1/2 cup chopped", "index": 0, "logprobs": null, "finish_reason": "length"}], "created": 1685806499}');
INSERT INTO public.algapp_statistic (id, file) VALUES (5, '{"id": "cmpl-7NNZrVdliha5NytEr4xTwefDP9HDd", "model": "text-davinci-003", "usage": {"total_tokens": 158, "prompt_tokens": 8, "completion_tokens": 150}, "object": "text_completion", "choices": [{"text": "\n\nOkroschka\n\nIngredients:\n\n- 2 medium potatoes, boiled and diced\n- 2 hard-boiled eggs, diced\n- 1/2 cup diced cucumber\n- 1/2 cup diced radishes\n- 1/4 cup diced green onions\n- 1/4 cup diced dill pickles\n- 1/4 cup diced fresh dill\n- 1/4 cup diced fresh parsley\n- 1/4 cup diced fresh chives\n- 1/4 cup diced fresh mint\n- 1/4 cup diced fresh tarragon\n- 1/4 cup diced fresh chervil\n- 1/4 cup diced fresh cilantro\n- 1/4 cup diced fresh basil\n- 1", "index": 0, "logprobs": null, "finish_reason": "length"}], "created": 1685806531}');
INSERT INTO public.algapp_statistic (id, file) VALUES (6, '{"id": "cmpl-7NQsAPztTQCrNdBanTe08xj5GjyVr", "model": "text-davinci-003", "usage": {"total_tokens": 155, "prompt_tokens": 5, "completion_tokens": 150}, "object": "text_completion", "choices": [{"text": "\n\nChocolate Chip Cookies\n\nIngredients:\n\n- 2 1/4 cups all-purpose flour\n- 1 teaspoon baking soda\n- 1 teaspoon salt\n- 1 cup (2 sticks) butter, softened\n- 3/4 cup granulated sugar\n- 3/4 cup packed brown sugar\n- 1 teaspoon vanilla extract\n- 2 large eggs\n- 2 cups (12-oz. pkg.) semi-sweet chocolate chips\n\nInstructions:\n\n1. Preheat oven to 375F.\n\n2. Combine flour, baking soda and salt in small bowl.\n\n3. Beat butter, granulated sugar, brown sugar and vanilla extract in large mixer bowl until creamy. Add eggs, one at", "index": 0, "logprobs": null, "finish_reason": "length"}], "created": 1685819198}');
INSERT INTO public.algapp_statistic (id, file) VALUES (7, '{"id": "cmpl-7NQsCimj6PU9qA6lRhMKyjKdjDYzP", "model": "text-davinci-003", "usage": {"total_tokens": 155, "prompt_tokens": 5, "completion_tokens": 150}, "object": "text_completion", "choices": [{"text": "\n\nChocolate Chip Cookies\n\nIngredients:\n\n- 2 1/4 cups all-purpose flour\n- 1 teaspoon baking soda\n- 1 teaspoon salt\n- 1 cup (2 sticks) butter, softened\n- 3/4 cup granulated sugar\n- 3/4 cup packed brown sugar\n- 1 teaspoon vanilla extract\n- 2 large eggs\n- 2 cups (12-oz. pkg.) semi-sweet chocolate chips\n\nInstructions:\n\n1. Preheat oven to 375F.\n\n2. Combine flour, baking soda and salt in small bowl.\n\n3. Beat butter, granulated sugar, brown sugar and vanilla extract in large mixer bowl until creamy. Add eggs, one at", "index": 0, "logprobs": null, "finish_reason": "length"}], "created": 1685819200}');
INSERT INTO public.algapp_statistic (id, file) VALUES (8, '{"id": "cmpl-7NQvU6coJZ7JAMt3yEsBE4AQiYjLO", "model": "text-davinci-003", "usage": {"total_tokens": 155, "prompt_tokens": 5, "completion_tokens": 150}, "object": "text_completion", "choices": [{"text": "\n\nChocolate Chip Cookies\n\nIngredients:\n\n- 2 1/4 cups all-purpose flour\n- 1 teaspoon baking soda\n- 1 teaspoon salt\n- 1 cup (2 sticks) butter, softened\n- 3/4 cup granulated sugar\n- 3/4 cup packed brown sugar\n- 1 teaspoon vanilla extract\n- 2 large eggs\n- 2 cups (12-oz. pkg.) semi-sweet chocolate chips\n\nInstructions:\n\n1. Preheat oven to 375F.\n\n2. Combine flour, baking soda and salt in small bowl.\n\n3. Beat butter, granulated sugar, brown sugar and vanilla extract in large mixer bowl until creamy. Add eggs, one at", "index": 0, "logprobs": null, "finish_reason": "length"}], "created": 1685819404}');
INSERT INTO public.algapp_statistic (id, file) VALUES (9, '{"id": "cmpl-7NQy0fQ11a9Beg27ibPbDq3fVVdBZ", "model": "text-davinci-003", "usage": {"total_tokens": 155, "prompt_tokens": 5, "completion_tokens": 150}, "object": "text_completion", "choices": [{"text": "\n\nChocolate Chip Cookies\n\nIngredients:\n\n- 2 1/4 cups all-purpose flour\n- 1 teaspoon baking soda\n- 1 teaspoon salt\n- 1 cup (2 sticks) butter, softened\n- 3/4 cup granulated sugar\n- 3/4 cup packed brown sugar\n- 1 teaspoon vanilla extract\n- 2 large eggs\n- 2 cups (12-oz. pkg.) semi-sweet chocolate chips\n\nInstructions:\n\n1. Preheat oven to 375F.\n\n2. Combine flour, baking soda and salt in small bowl.\n\n3. Beat butter, granulated sugar, brown sugar and vanilla extract in large mixer bowl until creamy. Add eggs, one at", "index": 0, "logprobs": null, "finish_reason": "length"}], "created": 1685819560}');
INSERT INTO public.algapp_statistic (id, file) VALUES (10, '{"id": "cmpl-7NQyyZrWTL5yiOZxodgrfNowxWzuz", "model": "text-davinci-003", "usage": {"total_tokens": 155, "prompt_tokens": 5, "completion_tokens": 150}, "object": "text_completion", "choices": [{"text": "\n\nChocolate Chip Cookies\n\nIngredients:\n\n- 2 1/4 cups all-purpose flour\n- 1 teaspoon baking soda\n- 1 teaspoon salt\n- 1 cup (2 sticks) butter, softened\n- 3/4 cup granulated sugar\n- 3/4 cup packed brown sugar\n- 1 teaspoon vanilla extract\n- 2 large eggs\n- 2 cups (12-oz. pkg.) semi-sweet chocolate chips\n\nInstructions:\n\n1. Preheat oven to 375F.\n\n2. Combine flour, baking soda and salt in small bowl.\n\n3. Beat butter, granulated sugar, brown sugar and vanilla extract in large mixer bowl until creamy. Add eggs, one at", "index": 0, "logprobs": null, "finish_reason": "length"}], "created": 1685819620}');
INSERT INTO public.algapp_statistic (id, file) VALUES (11, '{"id": "cmpl-7NQzG7Cw3x2SVKVux1iaoWcwEjieA", "model": "text-davinci-003", "usage": {"total_tokens": 155, "prompt_tokens": 5, "completion_tokens": 150}, "object": "text_completion", "choices": [{"text": "\n\nChocolate Chip Cookies\n\nIngredients:\n\n- 2 1/4 cups all-purpose flour\n- 1 teaspoon baking soda\n- 1 teaspoon salt\n- 1 cup (2 sticks) butter, softened\n- 3/4 cup granulated sugar\n- 3/4 cup packed brown sugar\n- 1 teaspoon vanilla extract\n- 2 large eggs\n- 2 cups (12-oz. pkg.) semi-sweet chocolate chips\n\nInstructions:\n\n1. Preheat oven to 375F.\n\n2. Combine flour, baking soda and salt in small bowl.\n\n3. Beat butter, granulated sugar, brown sugar and vanilla extract in large mixer bowl until creamy. Add eggs, one at", "index": 0, "logprobs": null, "finish_reason": "length"}], "created": 1685819638}');
INSERT INTO public.algapp_statistic (id, file) VALUES (12, '{"id": "cmpl-7NR0neubLz2irJ78EIoHmkT9Pr8tq", "model": "text-davinci-003", "usage": {"total_tokens": 155, "prompt_tokens": 5, "completion_tokens": 150}, "object": "text_completion", "choices": [{"text": "\n\nChocolate Chip Cookies\n\nIngredients:\n\n- 2 1/4 cups all-purpose flour\n- 1 teaspoon baking soda\n- 1 teaspoon salt\n- 1 cup (2 sticks) butter, softened\n- 3/4 cup granulated sugar\n- 3/4 cup packed brown sugar\n- 1 teaspoon vanilla extract\n- 2 large eggs\n- 2 cups (12-oz. pkg.) semi-sweet chocolate chips\n\nInstructions:\n\n1. Preheat oven to 375F.\n\n2. Combine flour, baking soda and salt in small bowl.\n\n3. Beat butter, granulated sugar, brown sugar and vanilla extract in large mixer bowl until creamy. Add eggs, one at", "index": 0, "logprobs": null, "finish_reason": "length"}], "created": 1685819733}');
INSERT INTO public.algapp_statistic (id, file) VALUES (13, '{"id": "cmpl-7NR1mIBkpmo8YmGq9shgKJaZW1FZc", "model": "text-davinci-003", "usage": {"total_tokens": 155, "prompt_tokens": 5, "completion_tokens": 150}, "object": "text_completion", "choices": [{"text": "\n\nChocolate Chip Cookies\n\nIngredients:\n\n- 2 1/4 cups all-purpose flour\n- 1 teaspoon baking soda\n- 1 teaspoon salt\n- 1 cup (2 sticks) butter, softened\n- 3/4 cup granulated sugar\n- 3/4 cup packed brown sugar\n- 1 teaspoon vanilla extract\n- 2 large eggs\n- 2 cups (12-oz. pkg.) semi-sweet chocolate chips\n\nInstructions:\n\n1. Preheat oven to 375F.\n\n2. Combine flour, baking soda and salt in small bowl.\n\n3. Beat butter, granulated sugar, brown sugar and vanilla extract in large mixer bowl until creamy. Add eggs, one at", "index": 0, "logprobs": null, "finish_reason": "length"}], "created": 1685819794}');
INSERT INTO public.algapp_statistic (id, file) VALUES (14, '{"id": "cmpl-7NR3rtwtpKKnUyrl7y3KhuAZdjOSn", "model": "text-davinci-003", "usage": {"total_tokens": 155, "prompt_tokens": 5, "completion_tokens": 150}, "object": "text_completion", "choices": [{"text": "\n\nChocolate Chip Cookies\n\nIngredients:\n\n- 2 1/4 cups all-purpose flour\n- 1 teaspoon baking soda\n- 1 teaspoon salt\n- 1 cup (2 sticks) butter, softened\n- 3/4 cup granulated sugar\n- 3/4 cup packed brown sugar\n- 1 teaspoon vanilla extract\n- 2 large eggs\n- 2 cups (12-oz. pkg.) semi-sweet chocolate chips\n\nInstructions:\n\n1. Preheat oven to 375F.\n\n2. Combine flour, baking soda and salt in small bowl.\n\n3. Beat butter, granulated sugar, brown sugar and vanilla extract in large mixer bowl until creamy. Add eggs, one at", "index": 0, "logprobs": null, "finish_reason": "length"}], "created": 1685819923}');
INSERT INTO public.algapp_statistic (id, file) VALUES (15, '{"id": "cmpl-7NR4emfg68wfKl1YOWfKMGXn6zUCF", "model": "text-davinci-003", "usage": {"total_tokens": 155, "prompt_tokens": 5, "completion_tokens": 150}, "object": "text_completion", "choices": [{"text": "\n\nChocolate Chip Cookies\n\nIngredients:\n\n- 2 1/4 cups all-purpose flour\n- 1 teaspoon baking soda\n- 1 teaspoon salt\n- 1 cup (2 sticks) butter, softened\n- 3/4 cup granulated sugar\n- 3/4 cup packed brown sugar\n- 1 teaspoon vanilla extract\n- 2 large eggs\n- 2 cups (12-oz. pkg.) semi-sweet chocolate chips\n\nInstructions:\n\n1. Preheat oven to 375F.\n\n2. Combine flour, baking soda and salt in small bowl.\n\n3. Beat butter, granulated sugar, brown sugar and vanilla extract in large mixer bowl until creamy. Add eggs, one at", "index": 0, "logprobs": null, "finish_reason": "length"}], "created": 1685819972}');
INSERT INTO public.algapp_statistic (id, file) VALUES (16, '{"id": "cmpl-7NR6nYlRygbC7NTl9jik0KSRFUxOi", "model": "text-davinci-003", "usage": {"total_tokens": 155, "prompt_tokens": 5, "completion_tokens": 150}, "object": "text_completion", "choices": [{"text": "\n\nChocolate Chip Cookies\n\nIngredients:\n\n- 2 1/4 cups all-purpose flour\n- 1 teaspoon baking soda\n- 1 teaspoon salt\n- 1 cup (2 sticks) butter, softened\n- 3/4 cup granulated sugar\n- 3/4 cup packed brown sugar\n- 1 teaspoon vanilla extract\n- 2 large eggs\n- 2 cups (12-oz. pkg.) semi-sweet chocolate chips\n\nInstructions:\n\n1. Preheat oven to 375F.\n\n2. Combine flour, baking soda and salt in small bowl.\n\n3. Beat butter, granulated sugar, brown sugar and vanilla extract in large mixer bowl until creamy. Add eggs, one at", "index": 0, "logprobs": null, "finish_reason": "length"}], "created": 1685820105}');
INSERT INTO public.algapp_statistic (id, file) VALUES (17, '{"id": "cmpl-7NR88Pa1y4q3RHYLw2Y7pqOEuRe8o", "model": "text-davinci-003", "usage": {"total_tokens": 155, "prompt_tokens": 5, "completion_tokens": 150}, "object": "text_completion", "choices": [{"text": "\n\nChocolate Chip Cookies\n\nIngredients:\n\n- 2 1/4 cups all-purpose flour\n- 1 teaspoon baking soda\n- 1 teaspoon salt\n- 1 cup (2 sticks) butter, softened\n- 3/4 cup granulated sugar\n- 3/4 cup packed brown sugar\n- 1 teaspoon vanilla extract\n- 2 large eggs\n- 2 cups (12-oz. pkg.) semi-sweet chocolate chips\n\nInstructions:\n\n1. Preheat oven to 375F.\n\n2. Combine flour, baking soda and salt in small bowl.\n\n3. Beat butter, granulated sugar, brown sugar and vanilla extract in large mixer bowl until creamy. Add eggs, one at", "index": 0, "logprobs": null, "finish_reason": "length"}], "created": 1685820188}');
INSERT INTO public.algapp_statistic (id, file) VALUES (18, '{"id": "cmpl-7NR95bpOUHvfH3xDLOSly1yQFe91j", "model": "text-davinci-003", "usage": {"total_tokens": 35, "prompt_tokens": 9, "completion_tokens": 26}, "object": "text_completion", "choices": [{"text": "\n\nThe time in Tel Aviv, Israel is 11:45 PM (23:45) on Tuesday, October 13th.", "index": 0, "logprobs": null, "finish_reason": "stop"}], "created": 1685820247}');
INSERT INTO public.algapp_statistic (id, file) VALUES (19, '{"id": "cmpl-7NR9ivBumQX78ONlEClkHxrJ5yKKJ", "model": "text-davinci-003", "usage": {"total_tokens": 35, "prompt_tokens": 9, "completion_tokens": 26}, "object": "text_completion", "choices": [{"text": "\n\nThe time in Tel Aviv, Israel is 11:45 PM (23:45) on Tuesday, October 13th.", "index": 0, "logprobs": null, "finish_reason": "stop"}], "created": 1685820286}');
INSERT INTO public.algapp_statistic (id, file) VALUES (20, '{"id": "cmpl-7NRDnVD1eCSJ9bcCfbuUzXtbK8uQk", "model": "text-davinci-003", "usage": {"total_tokens": 35, "prompt_tokens": 9, "completion_tokens": 26}, "object": "text_completion", "choices": [{"text": "\n\nThe time in Tel Aviv, Israel is 11:45 PM (23:45) on Tuesday, October 13th.", "index": 0, "logprobs": null, "finish_reason": "stop"}], "created": 1685820539}');
INSERT INTO public.algapp_statistic (id, file) VALUES (21, '{"id": "cmpl-7NREGvQs5QL4JLMIaEZJoGqEGSHpl", "model": "text-davinci-003", "usage": {"total_tokens": 35, "prompt_tokens": 9, "completion_tokens": 26}, "object": "text_completion", "choices": [{"text": "\n\nThe time in Tel Aviv, Israel is 11:45 PM (23:45) on Tuesday, October 13th.", "index": 0, "logprobs": null, "finish_reason": "stop"}], "created": 1685820568}');
INSERT INTO public.algapp_statistic (id, file) VALUES (22, '{"id": "cmpl-7NREbtSKIgsZobIZvnmHcFYsUUSad", "model": "text-davinci-003", "usage": {"total_tokens": 35, "prompt_tokens": 9, "completion_tokens": 26}, "object": "text_completion", "choices": [{"text": "\n\nThe time in Tel Aviv, Israel is 11:45 PM (23:45) on Tuesday, October 13th.", "index": 0, "logprobs": null, "finish_reason": "stop"}], "created": 1685820589}');
INSERT INTO public.algapp_statistic (id, file) VALUES (23, '{"id": "cmpl-7NRFHoHrfe7Qh9t4nC8MdLDwXTS6A", "model": "text-davinci-003", "usage": {"total_tokens": 35, "prompt_tokens": 9, "completion_tokens": 26}, "object": "text_completion", "choices": [{"text": "\n\nThe time in Tel Aviv, Israel is 11:45 PM (23:45) on Tuesday, October 13th.", "index": 0, "logprobs": null, "finish_reason": "stop"}], "created": 1685820631}');
INSERT INTO public.algapp_statistic (id, file) VALUES (24, '{"id": "cmpl-7NRFf4iDJnTVEPJT7zCPM8yLCq57c", "model": "text-davinci-003", "usage": {"total_tokens": 35, "prompt_tokens": 9, "completion_tokens": 26}, "object": "text_completion", "choices": [{"text": "\n\nThe time in Tel Aviv, Israel is 11:45 PM (23:45) on Tuesday, October 13th.", "index": 0, "logprobs": null, "finish_reason": "stop"}], "created": 1685820655}');
INSERT INTO public.algapp_statistic (id, file) VALUES (25, '{"id": "cmpl-7NRFw9pkNphRyr0xzShV7n09nNs5t", "model": "text-davinci-003", "usage": {"total_tokens": 35, "prompt_tokens": 9, "completion_tokens": 26}, "object": "text_completion", "choices": [{"text": "\n\nThe time in Tel Aviv, Israel is 11:45 PM (23:45) on Tuesday, October 13th.", "index": 0, "logprobs": null, "finish_reason": "stop"}], "created": 1685820672}');
INSERT INTO public.algapp_statistic (id, file) VALUES (26, '{"id": "cmpl-7NRGAtaOnqWMMK1zYqXxnpVRdREMB", "model": "text-davinci-003", "usage": {"total_tokens": 35, "prompt_tokens": 9, "completion_tokens": 26}, "object": "text_completion", "choices": [{"text": "\n\nThe time in Tel Aviv, Israel is 11:45 PM (23:45) on Tuesday, October 13th.", "index": 0, "logprobs": null, "finish_reason": "stop"}], "created": 1685820686}');
INSERT INTO public.algapp_statistic (id, file) VALUES (27, '{"id": "cmpl-7NRH5dnPP7IsP1tIw0kYcke0rqYBh", "model": "text-davinci-003", "usage": {"total_tokens": 35, "prompt_tokens": 9, "completion_tokens": 26}, "object": "text_completion", "choices": [{"text": "\n\nThe time in Tel Aviv, Israel is 11:45 PM (23:45) on Tuesday, October 13th.", "index": 0, "logprobs": null, "finish_reason": "stop"}], "created": 1685820743}');
INSERT INTO public.algapp_statistic (id, file) VALUES (28, '{"id": "cmpl-7NRHh5gZb5RcO3UhrVSVwmZMeMBtZ", "model": "text-davinci-003", "usage": {"total_tokens": 35, "prompt_tokens": 9, "completion_tokens": 26}, "object": "text_completion", "choices": [{"text": "\n\nThe time in Tel Aviv, Israel is 11:45 PM (23:45) on Tuesday, October 13th.", "index": 0, "logprobs": null, "finish_reason": "stop"}], "created": 1685820781}');
INSERT INTO public.algapp_statistic (id, file) VALUES (29, '{"id": "cmpl-7NRIFwhOaqRTQJdWrFDdenfuQRsNN", "model": "text-davinci-003", "usage": {"total_tokens": 155, "prompt_tokens": 5, "completion_tokens": 150}, "object": "text_completion", "choices": [{"text": "\n\nChocolate Chip Cookies\n\nIngredients:\n\n- 2 1/4 cups all-purpose flour\n- 1 teaspoon baking soda\n- 1 teaspoon salt\n- 1 cup (2 sticks) butter, softened\n- 3/4 cup granulated sugar\n- 3/4 cup packed brown sugar\n- 1 teaspoon vanilla extract\n- 2 large eggs\n- 2 cups (12-oz. pkg.) semi-sweet chocolate chips\n\nInstructions:\n\n1. Preheat oven to 375F.\n\n2. Combine flour, baking soda and salt in small bowl.\n\n3. Beat butter, granulated sugar, brown sugar and vanilla extract in large mixer bowl until creamy. Add eggs, one at", "index": 0, "logprobs": null, "finish_reason": "length"}], "created": 1685820815}');
INSERT INTO public.algapp_statistic (id, file) VALUES (30, '{"id": "cmpl-7NROPXi9ybLYIVrX7V6AUfGARjPe8", "model": "text-davinci-003", "usage": {"total_tokens": 155, "prompt_tokens": 5, "completion_tokens": 150}, "object": "text_completion", "choices": [{"text": "\n\nChocolate Chip Cookies\n\nIngredients:\n\n- 2 1/4 cups all-purpose flour\n- 1 teaspoon baking soda\n- 1 teaspoon salt\n- 1 cup (2 sticks) butter, softened\n- 3/4 cup granulated sugar\n- 3/4 cup packed brown sugar\n- 1 teaspoon vanilla extract\n- 2 large eggs\n- 2 cups (12-oz. pkg.) semi-sweet chocolate chips\n\nInstructions:\n\n1. Preheat oven to 375F.\n\n2. Combine flour, baking soda and salt in small bowl.\n\n3. Beat butter, granulated sugar, brown sugar and vanilla extract in large mixer bowl until creamy. Add eggs, one at", "index": 0, "logprobs": null, "finish_reason": "length"}], "created": 1685821197}');
INSERT INTO public.algapp_statistic (id, file) VALUES (31, '{"id": "cmpl-7NROxZjnvcKyg1xmpXmd1j57ll058", "model": "text-davinci-003", "usage": {"total_tokens": 155, "prompt_tokens": 5, "completion_tokens": 150}, "object": "text_completion", "choices": [{"text": "\n\nChocolate Chip Cookies\n\nIngredients:\n\n- 2 1/4 cups all-purpose flour\n- 1 teaspoon baking soda\n- 1 teaspoon salt\n- 1 cup (2 sticks) butter, softened\n- 3/4 cup granulated sugar\n- 3/4 cup packed brown sugar\n- 1 teaspoon vanilla extract\n- 2 large eggs\n- 2 cups (12-oz. pkg.) semi-sweet chocolate chips\n\nInstructions:\n\n1. Preheat oven to 375F.\n\n2. Combine flour, baking soda and salt in small bowl.\n\n3. Beat butter, granulated sugar, brown sugar and vanilla extract in large mixer bowl until creamy. Add eggs, one at", "index": 0, "logprobs": null, "finish_reason": "length"}], "created": 1685821231}');
INSERT INTO public.algapp_statistic (id, file) VALUES (32, '{"id": "cmpl-7NeidK164I5OBU939yYlqmGZGjlL2", "model": "text-davinci-003", "usage": {"total_tokens": 35, "prompt_tokens": 9, "completion_tokens": 26}, "object": "text_completion", "choices": [{"text": "\n\nThe time in Tel Aviv, Israel is 11:45 PM (23:45) on Tuesday, October 13th.", "index": 0, "logprobs": null, "finish_reason": "stop"}], "created": 1685872423}');
INSERT INTO public.algapp_statistic (id, file) VALUES (33, '{"id": "cmpl-7NejACC8q6DN1oflebHYsnTUBgFQV", "model": "text-davinci-003", "usage": {"total_tokens": 159, "prompt_tokens": 9, "completion_tokens": 150}, "object": "text_completion", "choices": [{"text": "\n\nCarrot Pie\n\nIngredients:\n\n- 2 cups all-purpose flour\n\n- 1 teaspoon baking powder\n\n- 1 teaspoon salt\n\n- 1/2 cup butter, melted\n\n- 1/2 cup white sugar\n\n- 1/2 cup packed brown sugar\n\n- 2 eggs\n\n- 1 teaspoon vanilla extract\n\n- 2 cups grated carrots\n\n- 1/2 cup raisins\n\n- 1/2 cup chopped dates\n\n- 1/2 cup chopped dried apricots\n\n- 1/2 cup chopped dried figs\n\n- 1/2 cup chopped dried pineapple\n\n- 1/2 cup chopped dried mango\n\n- 1/2 cup chopped", "index": 0, "logprobs": null, "finish_reason": "length"}], "created": 1685872456}');
INSERT INTO public.algapp_statistic (id, file) VALUES (34, '{"id": "cmpl-7NenkZGkHiX3ZaO7ixm18XiWLnLj9", "model": "text-davinci-003", "usage": {"total_tokens": 163, "prompt_tokens": 13, "completion_tokens": 150}, "object": "text_completion", "choices": [{"text": "\n\n{\n    \"name\": \"Carrot Pie Without Walnuts\",\n    \"ingredients\": [\n        \"1/2 cup butter\",\n        \"1/2 cup white sugar\",\n        \"2 eggs\",\n        \"1/2 teaspoon ground cinnamon\",\n        \"1/4 teaspoon ground nutmeg\",\n        \"1/4 teaspoon ground allspice\",\n        \"1/4 teaspoon ground ginger\",\n        \"1/2 teaspoon salt\",\n        \"1/2 cup all-purpose flour\",\n        \"2 cups grated carrots\",\n        \"1/2 cup raisins\",\n        \"1/2 cup chopped dates\",\n        \"1/2 cup chopped", "index": 0, "logprobs": null, "finish_reason": "length"}], "created": 1685872740}');
INSERT INTO public.algapp_statistic (id, file) VALUES (35, '{"id": "cmpl-7NeqX9xZUYdzVm0ttOBdaSd0UA2Sk", "model": "text-davinci-003", "usage": {"total_tokens": 163, "prompt_tokens": 13, "completion_tokens": 150}, "object": "text_completion", "choices": [{"text": "\n\n{\n  \"name\": \"Carrot Pie Without Walnuts\",\n  \"ingredients\": [\n    \"1/2 cup butter\",\n    \"1/2 cup white sugar\",\n    \"1/2 cup packed brown sugar\",\n    \"2 eggs\",\n    \"1 teaspoon vanilla extract\",\n    \"1/2 cup all-purpose flour\",\n    \"1/2 teaspoon baking powder\",\n    \"1/2 teaspoon ground cinnamon\",\n    \"1/4 teaspoon ground nutmeg\",\n    \"1/4 teaspoon salt\",\n    \"2 cups grated carrots\",\n    \"1 (9 inch) unbaked pie crust\"\n  ],\n  \"instructions", "index": 0, "logprobs": null, "finish_reason": "length"}], "created": 1685872913}');
INSERT INTO public.algapp_statistic (id, file) VALUES (45, '{"id": "cmpl-7NhrKu6f5mgNOAeSeFdcl3omRO3Gw", "model": "text-davinci-003", "usage": {"total_tokens": 49, "prompt_tokens": 13, "completion_tokens": 36}, "object": "text_completion", "choices": [{"text": "\n\n{\n    \"time\": \"11:45 PM\",\n    \"city\": \"Tel Aviv\",\n    \"date\": \"June 8, 2020\"\n}", "index": 0, "logprobs": null, "finish_reason": "stop"}], "created": 1685884494}');
INSERT INTO public.algapp_statistic (id, file) VALUES (36, '{"id": "cmpl-7NesaGH3HmeFwPafLwVS5aIdToeU0", "model": "text-davinci-003", "usage": {"total_tokens": 163, "prompt_tokens": 13, "completion_tokens": 150}, "object": "text_completion", "choices": [{"text": "\n\n{\n  \"name\": \"Carrot Pie Without Walnuts\",\n  \"ingredients\": [\n    \"1/2 cup butter\",\n    \"1/2 cup white sugar\",\n    \"1/2 cup packed brown sugar\",\n    \"2 eggs\",\n    \"1 teaspoon vanilla extract\",\n    \"1/2 cup all-purpose flour\",\n    \"1/2 teaspoon baking powder\",\n    \"1/2 teaspoon ground cinnamon\",\n    \"1/4 teaspoon ground nutmeg\",\n    \"1/4 teaspoon salt\",\n    \"2 cups grated carrots\",\n    \"1 (9 inch) unbaked pie crust\"\n  ],\n  \"instructions", "index": 0, "logprobs": null, "finish_reason": "length"}], "created": 1685873040}');
INSERT INTO public.algapp_statistic (id, file) VALUES (37, '{"id": "cmpl-7NevkAO3SWuTyR5W3kwTdLvFOkfj7", "model": "text-davinci-003", "usage": {"total_tokens": 163, "prompt_tokens": 13, "completion_tokens": 150}, "object": "text_completion", "choices": [{"text": "\n\n{\n  \"name\": \"Carrot Pie Without Walnuts\",\n  \"ingredients\": [\n    \"1/2 cup butter\",\n    \"1/2 cup white sugar\",\n    \"1/2 cup packed brown sugar\",\n    \"2 eggs\",\n    \"1 teaspoon vanilla extract\",\n    \"1/2 cup all-purpose flour\",\n    \"1/2 teaspoon baking powder\",\n    \"1/2 teaspoon ground cinnamon\",\n    \"1/4 teaspoon ground nutmeg\",\n    \"1/4 teaspoon salt\",\n    \"2 cups grated carrots\",\n    \"1 (9 inch) unbaked pie crust\"\n  ],\n  \"instructions", "index": 0, "logprobs": null, "finish_reason": "length"}], "created": 1685873236}');
INSERT INTO public.algapp_statistic (id, file) VALUES (38, '{"id": "cmpl-7NeyaeKK3qndPEgvL2gr9Z2zRULes", "model": "text-davinci-003", "usage": {"total_tokens": 163, "prompt_tokens": 13, "completion_tokens": 150}, "object": "text_completion", "choices": [{"text": "\n\n{\n    \"name\": \"Carrot Pie Without Walnuts\",\n    \"ingredients\": [\n        \"1/2 cup butter\",\n        \"1/2 cup white sugar\",\n        \"2 eggs\",\n        \"1/2 teaspoon ground cinnamon\",\n        \"1/4 teaspoon ground nutmeg\",\n        \"1/4 teaspoon ground allspice\",\n        \"1/4 teaspoon ground ginger\",\n        \"1/2 teaspoon salt\",\n        \"1/2 cup all-purpose flour\",\n        \"2 cups grated carrots\",\n        \"1/2 cup raisins\",\n        \"1/2 cup chopped dates\",\n        \"1/2 cup chopped", "index": 0, "logprobs": null, "finish_reason": "length"}], "created": 1685873412}');
INSERT INTO public.algapp_statistic (id, file) VALUES (39, '{"id": "cmpl-7NezZ3H6WzBEuZCLKra3CWIDwA1RY", "model": "text-davinci-003", "usage": {"total_tokens": 163, "prompt_tokens": 13, "completion_tokens": 150}, "object": "text_completion", "choices": [{"text": "\n\n{\n    \"name\": \"Carrot Pie Without Walnuts\",\n    \"ingredients\": [\n        \"1/2 cup butter\",\n        \"1/2 cup white sugar\",\n        \"2 eggs\",\n        \"1/2 teaspoon ground cinnamon\",\n        \"1/4 teaspoon ground nutmeg\",\n        \"1/4 teaspoon ground allspice\",\n        \"1/4 teaspoon ground ginger\",\n        \"1/2 teaspoon salt\",\n        \"1/2 cup all-purpose flour\",\n        \"2 cups grated carrots\",\n        \"1/2 cup raisins\",\n        \"1/2 cup chopped dates\",\n        \"1/2 cup chopped", "index": 0, "logprobs": null, "finish_reason": "length"}], "created": 1685873473}');
INSERT INTO public.algapp_statistic (id, file) VALUES (40, '{"id": "cmpl-7Nezupx2a3r8qISMpPznUR0rAguHG", "model": "text-davinci-003", "usage": {"total_tokens": 163, "prompt_tokens": 13, "completion_tokens": 150}, "object": "text_completion", "choices": [{"text": "\n\n{\n    \"name\": \"Carrot Pie Without Walnuts\",\n    \"ingredients\": [\n        \"1/2 cup butter\",\n        \"1/2 cup white sugar\",\n        \"2 eggs\",\n        \"1/2 teaspoon ground cinnamon\",\n        \"1/4 teaspoon ground nutmeg\",\n        \"1/4 teaspoon ground allspice\",\n        \"1/4 teaspoon ground ginger\",\n        \"1/2 teaspoon salt\",\n        \"1/2 cup all-purpose flour\",\n        \"2 cups grated carrots\",\n        \"1/2 cup raisins\",\n        \"1/2 cup chopped dates\",\n        \"1/2 cup chopped", "index": 0, "logprobs": null, "finish_reason": "length"}], "created": 1685873494}');
INSERT INTO public.algapp_statistic (id, file) VALUES (41, '{"id": "cmpl-7Nf0etoOGTxuJvzG8kRP2uM6jyyYy", "model": "text-davinci-003", "usage": {"total_tokens": 303, "prompt_tokens": 13, "completion_tokens": 290}, "object": "text_completion", "choices": [{"text": "\n\n{\n  \"name\": \"Carrot Pie Without Walnuts\",\n  \"ingredients\": [\n    \"1/2 cup butter\",\n    \"1/2 cup white sugar\",\n    \"1/2 cup packed brown sugar\",\n    \"2 eggs\",\n    \"1 teaspoon vanilla extract\",\n    \"1/2 cup all-purpose flour\",\n    \"1/2 teaspoon baking powder\",\n    \"1/2 teaspoon ground cinnamon\",\n    \"1/4 teaspoon ground nutmeg\",\n    \"1/4 teaspoon salt\",\n    \"2 cups grated carrots\",\n    \"1 (9 inch) unbaked pie crust\"\n  ],\n  \"instructions\": [\n    \"Preheat oven to 350 degrees F (175 degrees C).\",\n    \"In a medium bowl, cream together the butter, white sugar and brown sugar until smooth.\",\n    \"Beat in the eggs one at a time, then stir in the vanilla.\",\n    \"Combine the flour, baking powder, cinnamon, nutmeg and salt; stir into the creamed mixture.\",\n    \"Stir in the carrots.\",\n    \"Pour into the unbaked pie shell.\",\n    \"Bake for 40 to 50 minutes in the preheated oven, or until a knife inserted into the center of the pie comes out clean.\"\n  ]\n}", "index": 0, "logprobs": null, "finish_reason": "stop"}], "created": 1685873540}');
INSERT INTO public.algapp_statistic (id, file) VALUES (42, '{"id": "cmpl-7Nf1KKOa6sijENCXwjdzySI0d1c3t", "model": "text-davinci-003", "usage": {"total_tokens": 311, "prompt_tokens": 13, "completion_tokens": 298}, "object": "text_completion", "choices": [{"text": "\n\n{\n    \"name\": \"Carrot Pie Without Walnuts\",\n    \"ingredients\": [\n        \"1/2 cup butter\",\n        \"1/2 cup white sugar\",\n        \"2 eggs\",\n        \"1/2 teaspoon ground cinnamon\",\n        \"1/4 teaspoon ground nutmeg\",\n        \"1/4 teaspoon ground allspice\",\n        \"1/4 teaspoon ground ginger\",\n        \"1/2 teaspoon salt\",\n        \"1/2 cup all-purpose flour\",\n        \"2 cups grated carrots\",\n        \"1/2 cup raisins\",\n        \"1/2 cup chopped dates\",\n        \"1/2 cup chopped apples\"\n    ],\n    \"instructions\": [\n        \"Preheat oven to 350 degrees F (175 degrees C).\",\n        \"In a medium bowl, cream together the butter and sugar until light and fluffy.\",\n        \"Beat in the eggs one at a time, then stir in the cinnamon, nutmeg, allspice, ginger and salt.\",\n        \"Stir in the flour, then fold in the carrots, raisins, dates and apples.\",\n        \"Pour the mixture into a 9 inch pie pan.\",\n        \"Bake in preheated oven for 40 minutes, or until a knife inserted into the center of the pie comes out clean.\"\n    ]\n}", "index": 0, "logprobs": null, "finish_reason": "stop"}], "created": 1685873582}');
INSERT INTO public.algapp_statistic (id, file) VALUES (43, '{"id": "cmpl-7NhozJ5JDmZYoHVgtJC7wmDVMlp2x", "model": "text-davinci-003", "usage": {"total_tokens": 49, "prompt_tokens": 13, "completion_tokens": 36}, "object": "text_completion", "choices": [{"text": "\n\n{\n    \"time\": \"11:45 PM\",\n    \"city\": \"Tel Aviv\",\n    \"date\": \"June 8, 2020\"\n}", "index": 0, "logprobs": null, "finish_reason": "stop"}], "created": 1685884349}');
INSERT INTO public.algapp_statistic (id, file) VALUES (44, '{"id": "cmpl-7NhpQOQ4CCTOJLwYMK8DhlSC4h4xp", "model": "text-davinci-003", "usage": {"total_tokens": 49, "prompt_tokens": 13, "completion_tokens": 36}, "object": "text_completion", "choices": [{"text": "\n\n{\n    \"time\": \"11:45 PM\",\n    \"city\": \"Tel Aviv\",\n    \"date\": \"June 8, 2020\"\n}", "index": 0, "logprobs": null, "finish_reason": "stop"}], "created": 1685884376}');
INSERT INTO public.algapp_statistic (id, file) VALUES (46, '{"id": "cmpl-7NhrN9s4G6Jx2U1QzcOegznMHv5xb", "model": "text-davinci-003", "usage": {"total_tokens": 49, "prompt_tokens": 13, "completion_tokens": 36}, "object": "text_completion", "choices": [{"text": "\n\n{\n    \"time\": \"11:45 PM\",\n    \"city\": \"Tel Aviv\",\n    \"date\": \"June 8, 2020\"\n}", "index": 0, "logprobs": null, "finish_reason": "stop"}], "created": 1685884497}');
INSERT INTO public.algapp_statistic (id, file) VALUES (47, '{"id": "cmpl-7NhsIVOmoL4OkqjuBwrSR8T1NsN7d", "model": "text-davinci-003", "usage": {"total_tokens": 49, "prompt_tokens": 13, "completion_tokens": 36}, "object": "text_completion", "choices": [{"text": "\n\n{\n    \"time\": \"11:45 PM\",\n    \"city\": \"Tel Aviv\",\n    \"date\": \"June 8, 2020\"\n}", "index": 0, "logprobs": null, "finish_reason": "stop"}], "created": 1685884554}');
INSERT INTO public.algapp_statistic (id, file) VALUES (48, '{"id": "cmpl-7Nht654LtBAjKtoPOBaExGCGuq2sf", "model": "text-davinci-003", "usage": {"total_tokens": 49, "prompt_tokens": 13, "completion_tokens": 36}, "object": "text_completion", "choices": [{"text": "\n\n{\n    \"time\": \"11:45 PM\",\n    \"city\": \"Tel Aviv\",\n    \"date\": \"June 8, 2020\"\n}", "index": 0, "logprobs": null, "finish_reason": "stop"}], "created": 1685884604}');
INSERT INTO public.algapp_statistic (id, file) VALUES (49, '{"id": "cmpl-7NhtAc5z0OGFIir4c7eIPayKvtuM7", "model": "text-davinci-003", "usage": {"total_tokens": 49, "prompt_tokens": 13, "completion_tokens": 36}, "object": "text_completion", "choices": [{"text": "\n\n{\n    \"time\": \"11:45 PM\",\n    \"city\": \"Tel Aviv\",\n    \"date\": \"June 8, 2020\"\n}", "index": 0, "logprobs": null, "finish_reason": "stop"}], "created": 1685884608}');
INSERT INTO public.algapp_statistic (id, file) VALUES (50, '{"id": "cmpl-7NhvORMtFtXY5161ZVZK2G1rFWMQI", "model": "text-davinci-003", "usage": {"total_tokens": 49, "prompt_tokens": 13, "completion_tokens": 36}, "object": "text_completion", "choices": [{"text": "\n\n{\n    \"time\": \"11:45 PM\",\n    \"city\": \"Tel Aviv\",\n    \"date\": \"June 8, 2020\"\n}", "index": 0, "logprobs": null, "finish_reason": "stop"}], "created": 1685884746}');
INSERT INTO public.algapp_statistic (id, file) VALUES (51, '{"id": "cmpl-7NhvRujrA2q3moJR00YRXk7VEOYIm", "model": "text-davinci-003", "usage": {"total_tokens": 49, "prompt_tokens": 13, "completion_tokens": 36}, "object": "text_completion", "choices": [{"text": "\n\n{\n    \"time\": \"11:45 PM\",\n    \"city\": \"Tel Aviv\",\n    \"date\": \"June 8, 2020\"\n}", "index": 0, "logprobs": null, "finish_reason": "stop"}], "created": 1685884749}');
INSERT INTO public.algapp_statistic (id, file) VALUES (52, '{"id": "cmpl-7Nhw1NiLCy5NbpgNgW7fomZ8Rl2ND", "model": "text-davinci-003", "usage": {"total_tokens": 49, "prompt_tokens": 13, "completion_tokens": 36}, "object": "text_completion", "choices": [{"text": "\n\n{\n    \"time\": \"11:45 PM\",\n    \"city\": \"Tel Aviv\",\n    \"date\": \"June 8, 2020\"\n}", "index": 0, "logprobs": null, "finish_reason": "stop"}], "created": 1685884785}');
INSERT INTO public.algapp_statistic (id, file) VALUES (53, '{"id": "cmpl-7NhwIjmN80oXFOXet8ZIhdLC5tiq6", "model": "text-davinci-003", "usage": {"total_tokens": 49, "prompt_tokens": 13, "completion_tokens": 36}, "object": "text_completion", "choices": [{"text": "\n\n{\n    \"time\": \"11:45 PM\",\n    \"city\": \"Tel Aviv\",\n    \"date\": \"June 8, 2020\"\n}", "index": 0, "logprobs": null, "finish_reason": "stop"}], "created": 1685884802}');
INSERT INTO public.algapp_statistic (id, file) VALUES (54, '{"id": "cmpl-7NhwfOvvJ1MElyCjrISaapDwspiqp", "model": "text-davinci-003", "usage": {"total_tokens": 49, "prompt_tokens": 13, "completion_tokens": 36}, "object": "text_completion", "choices": [{"text": "\n\n{\n    \"time\": \"11:45 PM\",\n    \"city\": \"Tel Aviv\",\n    \"date\": \"June 8, 2020\"\n}", "index": 0, "logprobs": null, "finish_reason": "stop"}], "created": 1685884825}');
INSERT INTO public.algapp_statistic (id, file) VALUES (55, '{"id": "cmpl-7Nhwz7o6LaN0pFdeUQboICuiR6xwq", "model": "text-davinci-003", "usage": {"total_tokens": 49, "prompt_tokens": 13, "completion_tokens": 36}, "object": "text_completion", "choices": [{"text": "\n\n{\n    \"time\": \"11:45 PM\",\n    \"city\": \"Tel Aviv\",\n    \"date\": \"June 8, 2020\"\n}", "index": 0, "logprobs": null, "finish_reason": "stop"}], "created": 1685884845}');
INSERT INTO public.algapp_statistic (id, file) VALUES (56, '{"id": "cmpl-7NhxOvDNJQVJN1LwRe3K4cG9kqzem", "model": "text-davinci-003", "usage": {"total_tokens": 49, "prompt_tokens": 13, "completion_tokens": 36}, "object": "text_completion", "choices": [{"text": "\n\n{\n    \"time\": \"11:45 PM\",\n    \"city\": \"Tel Aviv\",\n    \"date\": \"June 8, 2020\"\n}", "index": 0, "logprobs": null, "finish_reason": "stop"}], "created": 1685884870}');
INSERT INTO public.algapp_statistic (id, file) VALUES (57, '{"id": "cmpl-7NhxwEwfrVXtmpIaOR7kxPmI8eajc", "model": "text-davinci-003", "usage": {"total_tokens": 49, "prompt_tokens": 13, "completion_tokens": 36}, "object": "text_completion", "choices": [{"text": "\n\n{\n    \"time\": \"11:45 PM\",\n    \"city\": \"Tel Aviv\",\n    \"date\": \"June 8, 2020\"\n}", "index": 0, "logprobs": null, "finish_reason": "stop"}], "created": 1685884904}');
INSERT INTO public.algapp_statistic (id, file) VALUES (58, '{"id": "cmpl-7NhzOGzAFKvgk5gybP4SEOHEWcN60", "model": "text-davinci-003", "usage": {"total_tokens": 49, "prompt_tokens": 13, "completion_tokens": 36}, "object": "text_completion", "choices": [{"text": "\n\n{\n    \"time\": \"11:45 PM\",\n    \"city\": \"Tel Aviv\",\n    \"date\": \"June 8, 2020\"\n}", "index": 0, "logprobs": null, "finish_reason": "stop"}], "created": 1685884994}');
INSERT INTO public.algapp_statistic (id, file) VALUES (59, '{"id": "cmpl-7Ni0Pove7KY5j6KbGfPBZLcaNaFlU", "model": "text-davinci-003", "usage": {"total_tokens": 49, "prompt_tokens": 13, "completion_tokens": 36}, "object": "text_completion", "choices": [{"text": "\n\n{\n    \"time\": \"11:45 PM\",\n    \"city\": \"Tel Aviv\",\n    \"date\": \"June 8, 2020\"\n}", "index": 0, "logprobs": null, "finish_reason": "stop"}], "created": 1685885057}');
INSERT INTO public.algapp_statistic (id, file) VALUES (60, '{"id": "cmpl-7Ni18We3c45Q2cW936Uvg3ou88NPR", "model": "text-davinci-003", "usage": {"total_tokens": 49, "prompt_tokens": 13, "completion_tokens": 36}, "object": "text_completion", "choices": [{"text": "\n\n{\n    \"time\": \"11:45 PM\",\n    \"city\": \"Tel Aviv\",\n    \"date\": \"June 8, 2020\"\n}", "index": 0, "logprobs": null, "finish_reason": "stop"}], "created": 1685885102}');
INSERT INTO public.algapp_statistic (id, file) VALUES (61, '{"id": "cmpl-7Ni1DdjHC3SyaYupuTE9lp5H7MQ4z", "model": "text-davinci-003", "usage": {"total_tokens": 49, "prompt_tokens": 13, "completion_tokens": 36}, "object": "text_completion", "choices": [{"text": "\n\n{\n    \"time\": \"11:45 PM\",\n    \"city\": \"Tel Aviv\",\n    \"date\": \"June 8, 2020\"\n}", "index": 0, "logprobs": null, "finish_reason": "stop"}], "created": 1685885107}');
INSERT INTO public.algapp_statistic (id, file) VALUES (62, '{"id": "cmpl-7Ni21BmWEKRMgyo8xESb5MxykzaAg", "model": "text-davinci-003", "usage": {"total_tokens": 49, "prompt_tokens": 13, "completion_tokens": 36}, "object": "text_completion", "choices": [{"text": "\n\n{\n    \"time\": \"11:45 PM\",\n    \"city\": \"Tel Aviv\",\n    \"date\": \"June 8, 2020\"\n}", "index": 0, "logprobs": null, "finish_reason": "stop"}], "created": 1685885157}');
INSERT INTO public.algapp_statistic (id, file) VALUES (63, '{"id": "cmpl-7Ni2Iw2z9uccsnyiFKRH8P7aVXueH", "model": "text-davinci-003", "usage": {"total_tokens": 49, "prompt_tokens": 13, "completion_tokens": 36}, "object": "text_completion", "choices": [{"text": "\n\n{\n    \"time\": \"11:45 PM\",\n    \"city\": \"Tel Aviv\",\n    \"date\": \"June 8, 2020\"\n}", "index": 0, "logprobs": null, "finish_reason": "stop"}], "created": 1685885174}');
INSERT INTO public.algapp_statistic (id, file) VALUES (64, '{"id": "cmpl-7Ni3DdcoIyIIRJSo1JQvvs5O3p3jx", "model": "text-davinci-003", "usage": {"total_tokens": 49, "prompt_tokens": 13, "completion_tokens": 36}, "object": "text_completion", "choices": [{"text": "\n\n{\n    \"time\": \"11:45 PM\",\n    \"city\": \"Tel Aviv\",\n    \"date\": \"June 8, 2020\"\n}", "index": 0, "logprobs": null, "finish_reason": "stop"}], "created": 1685885231}');
INSERT INTO public.algapp_statistic (id, file) VALUES (65, '{"id": "cmpl-7Ni3f1si0YV2gW4q35RECm7UwMu6u", "model": "text-davinci-003", "usage": {"total_tokens": 49, "prompt_tokens": 13, "completion_tokens": 36}, "object": "text_completion", "choices": [{"text": "\n\n{\n    \"time\": \"11:45 PM\",\n    \"city\": \"Tel Aviv\",\n    \"date\": \"June 8, 2020\"\n}", "index": 0, "logprobs": null, "finish_reason": "stop"}], "created": 1685885259}');
INSERT INTO public.algapp_statistic (id, file) VALUES (66, '{"id": "cmpl-7Ni49JGyhUWoKjqsAlhLZCLQQGjpH", "model": "text-davinci-003", "usage": {"total_tokens": 49, "prompt_tokens": 13, "completion_tokens": 36}, "object": "text_completion", "choices": [{"text": "\n\n{\n    \"time\": \"11:45 PM\",\n    \"city\": \"Tel Aviv\",\n    \"date\": \"June 8, 2020\"\n}", "index": 0, "logprobs": null, "finish_reason": "stop"}], "created": 1685885289}');
INSERT INTO public.algapp_statistic (id, file) VALUES (67, '{"id": "cmpl-7Ni4C9CpSaZSzbo0PsBFEc9pofhPe", "model": "text-davinci-003", "usage": {"total_tokens": 49, "prompt_tokens": 13, "completion_tokens": 36}, "object": "text_completion", "choices": [{"text": "\n\n{\n    \"time\": \"11:45 PM\",\n    \"city\": \"Tel Aviv\",\n    \"date\": \"June 8, 2020\"\n}", "index": 0, "logprobs": null, "finish_reason": "stop"}], "created": 1685885292}');
INSERT INTO public.algapp_statistic (id, file) VALUES (68, '{"id": "cmpl-7Ni4Jhf7xNfarODkCDDS0eu9fVCRI", "model": "text-davinci-003", "usage": {"total_tokens": 49, "prompt_tokens": 13, "completion_tokens": 36}, "object": "text_completion", "choices": [{"text": "\n\n{\n    \"time\": \"11:45 PM\",\n    \"city\": \"Tel Aviv\",\n    \"date\": \"June 8, 2020\"\n}", "index": 0, "logprobs": null, "finish_reason": "stop"}], "created": 1685885299}');
INSERT INTO public.algapp_statistic (id, file) VALUES (69, '{"id": "cmpl-7Ni4aJF2xJr5CNXSs3aBeRetWMeFO", "model": "text-davinci-003", "usage": {"total_tokens": 49, "prompt_tokens": 13, "completion_tokens": 36}, "object": "text_completion", "choices": [{"text": "\n\n{\n    \"time\": \"11:45 PM\",\n    \"city\": \"Tel Aviv\",\n    \"date\": \"June 8, 2020\"\n}", "index": 0, "logprobs": null, "finish_reason": "stop"}], "created": 1685885316}');
INSERT INTO public.algapp_statistic (id, file) VALUES (70, '{"id": "cmpl-7Ni84fClwCuuTeQFDzzTespYK6B8E", "model": "text-davinci-003", "usage": {"total_tokens": 49, "prompt_tokens": 13, "completion_tokens": 36}, "object": "text_completion", "choices": [{"text": "\n\n{\n    \"time\": \"11:45 PM\",\n    \"city\": \"Tel Aviv\",\n    \"date\": \"June 8, 2020\"\n}", "index": 0, "logprobs": null, "finish_reason": "stop"}], "created": 1685885532}');
INSERT INTO public.algapp_statistic (id, file) VALUES (71, '{"id": "cmpl-7Ni9ie4hyOUgmMRNYpCgyiEj6T5He", "model": "text-davinci-003", "usage": {"total_tokens": 49, "prompt_tokens": 13, "completion_tokens": 36}, "object": "text_completion", "choices": [{"text": "\n\n{\n    \"time\": \"11:45 PM\",\n    \"city\": \"Tel Aviv\",\n    \"date\": \"June 8, 2020\"\n}", "index": 0, "logprobs": null, "finish_reason": "stop"}], "created": 1685885634}');
INSERT INTO public.algapp_statistic (id, file) VALUES (72, '{"id": "cmpl-7NiAmFsR9KURvMlKaZ3I3xsW9LlJs", "model": "text-davinci-003", "usage": {"total_tokens": 49, "prompt_tokens": 13, "completion_tokens": 36}, "object": "text_completion", "choices": [{"text": "\n\n{\n    \"time\": \"11:45 PM\",\n    \"city\": \"Tel Aviv\",\n    \"date\": \"June 8, 2020\"\n}", "index": 0, "logprobs": null, "finish_reason": "stop"}], "created": 1685885700}');
INSERT INTO public.algapp_statistic (id, file) VALUES (73, '{"id": "cmpl-7NiB2YF3AYDWomWK7xP59i5GdpDCS", "model": "text-davinci-003", "usage": {"total_tokens": 49, "prompt_tokens": 13, "completion_tokens": 36}, "object": "text_completion", "choices": [{"text": "\n\n{\n    \"time\": \"11:45 PM\",\n    \"city\": \"Tel Aviv\",\n    \"date\": \"June 8, 2020\"\n}", "index": 0, "logprobs": null, "finish_reason": "stop"}], "created": 1685885716}');
INSERT INTO public.algapp_statistic (id, file) VALUES (74, '{"id": "cmpl-7NiBHneIiaaviBuHqQfxmM5SKIhff", "model": "text-davinci-003", "usage": {"total_tokens": 49, "prompt_tokens": 13, "completion_tokens": 36}, "object": "text_completion", "choices": [{"text": "\n\n{\n    \"time\": \"11:45 PM\",\n    \"city\": \"Tel Aviv\",\n    \"date\": \"June 8, 2020\"\n}", "index": 0, "logprobs": null, "finish_reason": "stop"}], "created": 1685885731}');
INSERT INTO public.algapp_statistic (id, file) VALUES (75, '{"id": "cmpl-7NiER1NlrO8KSCXu8ggAEy61iYadE", "model": "text-davinci-003", "usage": {"total_tokens": 49, "prompt_tokens": 13, "completion_tokens": 36}, "object": "text_completion", "choices": [{"text": "\n\n{\n    \"time\": \"11:45 PM\",\n    \"city\": \"Tel Aviv\",\n    \"date\": \"June 8, 2020\"\n}", "index": 0, "logprobs": null, "finish_reason": "stop"}], "created": 1685885927}');
INSERT INTO public.algapp_statistic (id, file) VALUES (76, '{"id": "cmpl-7NiEquUwJxuybKJJof0PkYvpM3aEG", "model": "text-davinci-003", "usage": {"total_tokens": 49, "prompt_tokens": 13, "completion_tokens": 36}, "object": "text_completion", "choices": [{"text": "\n\n{\n    \"time\": \"11:45 PM\",\n    \"city\": \"Tel Aviv\",\n    \"date\": \"June 8, 2020\"\n}", "index": 0, "logprobs": null, "finish_reason": "stop"}], "created": 1685885952}');
INSERT INTO public.algapp_statistic (id, file) VALUES (77, '{"id": "cmpl-7NiFs93KP2mQkHvjKw0T5rIbeuEig", "model": "text-davinci-003", "usage": {"total_tokens": 49, "prompt_tokens": 13, "completion_tokens": 36}, "object": "text_completion", "choices": [{"text": "\n\n{\n    \"time\": \"11:45 PM\",\n    \"city\": \"Tel Aviv\",\n    \"date\": \"June 8, 2020\"\n}", "index": 0, "logprobs": null, "finish_reason": "stop"}], "created": 1685886016}');
INSERT INTO public.algapp_statistic (id, file) VALUES (78, '{"id": "cmpl-7NiHT75Pn9Vjn66N5EeoAJ3uQxrcV", "model": "text-davinci-003", "usage": {"total_tokens": 49, "prompt_tokens": 13, "completion_tokens": 36}, "object": "text_completion", "choices": [{"text": "\n\n{\n    \"time\": \"11:45 PM\",\n    \"city\": \"Tel Aviv\",\n    \"date\": \"June 8, 2020\"\n}", "index": 0, "logprobs": null, "finish_reason": "stop"}], "created": 1685886115}');
INSERT INTO public.algapp_statistic (id, file) VALUES (79, '{"id": "cmpl-7NiHYDjDcrJl5HepORyUrqAQyyigs", "model": "text-davinci-003", "usage": {"total_tokens": 49, "prompt_tokens": 13, "completion_tokens": 36}, "object": "text_completion", "choices": [{"text": "\n\n{\n    \"time\": \"11:45 PM\",\n    \"city\": \"Tel Aviv\",\n    \"date\": \"June 8, 2020\"\n}", "index": 0, "logprobs": null, "finish_reason": "stop"}], "created": 1685886120}');
INSERT INTO public.algapp_statistic (id, file) VALUES (80, '{"id": "cmpl-7NiHy2CNSFB66IkqOWa5v46Wx86if", "model": "text-davinci-003", "usage": {"total_tokens": 49, "prompt_tokens": 13, "completion_tokens": 36}, "object": "text_completion", "choices": [{"text": "\n\n{\n    \"time\": \"11:45 PM\",\n    \"city\": \"Tel Aviv\",\n    \"date\": \"June 8, 2020\"\n}", "index": 0, "logprobs": null, "finish_reason": "stop"}], "created": 1685886146}');
INSERT INTO public.algapp_statistic (id, file) VALUES (81, '{"id": "cmpl-7NiI4zktbFVyUtZqOxf5lwYDgb3GC", "model": "text-davinci-003", "usage": {"total_tokens": 49, "prompt_tokens": 13, "completion_tokens": 36}, "object": "text_completion", "choices": [{"text": "\n\n{\n    \"time\": \"11:45 PM\",\n    \"city\": \"Tel Aviv\",\n    \"date\": \"June 8, 2020\"\n}", "index": 0, "logprobs": null, "finish_reason": "stop"}], "created": 1685886152}');
INSERT INTO public.algapp_statistic (id, file) VALUES (82, '{"id": "cmpl-7Niqvsg3NPMydv6IBFuG5CSIAwg1l", "model": "text-davinci-003", "usage": {"total_tokens": 303, "prompt_tokens": 13, "completion_tokens": 290}, "object": "text_completion", "choices": [{"text": "\n\n{\n  \"name\": \"Carrot Pie Without Walnuts\",\n  \"ingredients\": [\n    \"1/2 cup butter\",\n    \"1/2 cup white sugar\",\n    \"1/2 cup packed brown sugar\",\n    \"2 eggs\",\n    \"1 teaspoon vanilla extract\",\n    \"1/2 cup all-purpose flour\",\n    \"1/2 teaspoon baking powder\",\n    \"1/2 teaspoon ground cinnamon\",\n    \"1/4 teaspoon ground nutmeg\",\n    \"1/4 teaspoon salt\",\n    \"2 cups grated carrots\",\n    \"1 (9 inch) unbaked pie crust\"\n  ],\n  \"instructions\": [\n    \"Preheat oven to 350 degrees F (175 degrees C).\",\n    \"In a medium bowl, cream together the butter, white sugar and brown sugar until smooth.\",\n    \"Beat in the eggs one at a time, then stir in the vanilla.\",\n    \"Combine the flour, baking powder, cinnamon, nutmeg and salt; stir into the creamed mixture.\",\n    \"Stir in the carrots.\",\n    \"Pour into the unbaked pie shell.\",\n    \"Bake for 40 to 50 minutes in the preheated oven, or until a knife inserted into the center of the pie comes out clean.\"\n  ]\n}", "index": 0, "logprobs": null, "finish_reason": "stop"}], "created": 1685888313}');
INSERT INTO public.algapp_statistic (id, file) VALUES (83, '{"id": "cmpl-7NirwJkjhThZvk2oiSRKer8iipwTi", "model": "text-davinci-003", "usage": {"total_tokens": 303, "prompt_tokens": 13, "completion_tokens": 290}, "object": "text_completion", "choices": [{"text": "\n\n{\n  \"name\": \"Carrot Pie Without Walnuts\",\n  \"ingredients\": [\n    \"1/2 cup butter\",\n    \"1/2 cup white sugar\",\n    \"1/2 cup packed brown sugar\",\n    \"2 eggs\",\n    \"1 teaspoon vanilla extract\",\n    \"1/2 cup all-purpose flour\",\n    \"1/2 teaspoon baking powder\",\n    \"1/2 teaspoon ground cinnamon\",\n    \"1/4 teaspoon ground nutmeg\",\n    \"1/4 teaspoon ground ginger\",\n    \"1/4 teaspoon salt\",\n    \"2 cups grated carrots\",\n    \"1 (9 inch) unbaked pie crust\"\n  ],\n  \"instructions\": [\n    \"Preheat oven to 350 degrees F (175 degrees C).\",\n    \"In a medium bowl, cream together the butter, white sugar and brown sugar until smooth. Beat in the eggs one at a time, then stir in the vanilla. Combine the flour, baking powder, cinnamon, nutmeg, ginger and salt; stir into the creamed mixture. Fold in the carrots. Pour into the unbaked pie shell.\",\n    \"Bake in preheated oven for 40 to 45 minutes, or until a knife inserted into the center of the pie comes out clean. Cool before serving.\"\n  ]\n}", "index": 0, "logprobs": null, "finish_reason": "stop"}], "created": 1685888376}');
INSERT INTO public.algapp_statistic (id, file) VALUES (84, '{"id": "cmpl-7NisLgoNvzCITQ5lNd8tghrklTyKQ", "model": "text-davinci-003", "usage": {"total_tokens": 303, "prompt_tokens": 13, "completion_tokens": 290}, "object": "text_completion", "choices": [{"text": "\n\n{\n  \"name\": \"Carrot Pie Without Walnuts\",\n  \"ingredients\": [\n    \"1/2 cup butter\",\n    \"1/2 cup white sugar\",\n    \"1/2 cup packed brown sugar\",\n    \"2 eggs\",\n    \"1 teaspoon vanilla extract\",\n    \"1/2 cup all-purpose flour\",\n    \"1/2 teaspoon baking powder\",\n    \"1/2 teaspoon ground cinnamon\",\n    \"1/4 teaspoon ground nutmeg\",\n    \"1/4 teaspoon ground ginger\",\n    \"1/4 teaspoon salt\",\n    \"2 cups grated carrots\",\n    \"1 (9 inch) unbaked pie crust\"\n  ],\n  \"instructions\": [\n    \"Preheat oven to 350 degrees F (175 degrees C).\",\n    \"In a medium bowl, cream together the butter, white sugar and brown sugar until smooth. Beat in the eggs one at a time, then stir in the vanilla. Combine the flour, baking powder, cinnamon, nutmeg, ginger and salt; stir into the creamed mixture. Fold in the carrots. Pour into the unbaked pie shell.\",\n    \"Bake in preheated oven for 40 to 45 minutes, or until a knife inserted into the center of the pie comes out clean. Cool before serving.\"\n  ]\n}", "index": 0, "logprobs": null, "finish_reason": "stop"}], "created": 1685888401}');
INSERT INTO public.algapp_statistic (id, file) VALUES (85, '{"id": "cmpl-7NislhJvhoOJ2dqvWJdhDIQMPKbBn", "model": "text-davinci-003", "usage": {"total_tokens": 303, "prompt_tokens": 13, "completion_tokens": 290}, "object": "text_completion", "choices": [{"text": "\n\n{\n  \"name\": \"Carrot Pie Without Walnuts\",\n  \"ingredients\": [\n    \"1/2 cup butter\",\n    \"1/2 cup white sugar\",\n    \"1/2 cup packed brown sugar\",\n    \"2 eggs\",\n    \"1 teaspoon vanilla extract\",\n    \"1/2 cup all-purpose flour\",\n    \"1/2 teaspoon baking powder\",\n    \"1/2 teaspoon ground cinnamon\",\n    \"1/4 teaspoon ground nutmeg\",\n    \"1/4 teaspoon salt\",\n    \"2 cups grated carrots\",\n    \"1 (9 inch) unbaked pie crust\"\n  ],\n  \"instructions\": [\n    \"Preheat oven to 350 degrees F (175 degrees C).\",\n    \"In a medium bowl, cream together the butter, white sugar and brown sugar until smooth.\",\n    \"Beat in the eggs one at a time, then stir in the vanilla.\",\n    \"Combine the flour, baking powder, cinnamon, nutmeg and salt; stir into the creamed mixture.\",\n    \"Stir in the carrots.\",\n    \"Pour into the unbaked pie shell.\",\n    \"Bake for 40 to 50 minutes in the preheated oven, or until a knife inserted into the center of the pie comes out clean.\"\n  ]\n}", "index": 0, "logprobs": null, "finish_reason": "stop"}], "created": 1685888427}');
INSERT INTO public.algapp_statistic (id, file) VALUES (86, '{"id": "cmpl-7NiuAoPOXZ8aKrPw2WlnNcFF1LdN3", "model": "text-davinci-003", "usage": {"total_tokens": 337, "prompt_tokens": 13, "completion_tokens": 324}, "object": "text_completion", "choices": [{"text": "\n\n{\n    \"name\": \"Carrot Pie Without Walnuts\",\n    \"ingredients\": [\n        \"1/2 cup butter\",\n        \"1/2 cup white sugar\",\n        \"2 eggs\",\n        \"1/2 teaspoon ground cinnamon\",\n        \"1/4 teaspoon ground nutmeg\",\n        \"1/4 teaspoon ground allspice\",\n        \"1/4 teaspoon ground ginger\",\n        \"1/2 teaspoon salt\",\n        \"1/2 cup all-purpose flour\",\n        \"2 cups grated carrots\",\n        \"1/2 cup raisins\",\n        \"1/2 cup chopped dates\",\n        \"1/2 cup chopped apples\",\n        \"1/2 cup orange juice\",\n        \"1/2 cup chopped walnuts (optional)\"\n    ],\n    \"instructions\": [\n        \"Preheat oven to 350 degrees F (175 degrees C).\",\n        \"In a medium bowl, cream together the butter and sugar until light and fluffy.\",\n        \"Beat in the eggs one at a time, then stir in the cinnamon, nutmeg, allspice, ginger and salt.\",\n        \"Stir in the flour, then fold in the carrots, raisins, dates, apples and orange juice.\",\n        \"Pour the mixture into a 9 inch pie pan.\",\n        \"Bake in preheated oven for 40 minutes, or until a knife inserted into the center of the pie comes out clean.\"\n    ]\n}", "index": 0, "logprobs": null, "finish_reason": "stop"}], "created": 1685888514}');
INSERT INTO public.algapp_statistic (id, file) VALUES (87, '{"id": "cmpl-7NivH9AB1Vpu6zCxOTmBqAf5pKD3L", "model": "text-davinci-003", "usage": {"total_tokens": 303, "prompt_tokens": 13, "completion_tokens": 290}, "object": "text_completion", "choices": [{"text": "\n\n{\n  \"name\": \"Carrot Pie Without Walnuts\",\n  \"ingredients\": [\n    \"1/2 cup butter\",\n    \"1/2 cup white sugar\",\n    \"1/2 cup packed brown sugar\",\n    \"2 eggs\",\n    \"1 teaspoon vanilla extract\",\n    \"1/2 cup all-purpose flour\",\n    \"1/2 teaspoon baking powder\",\n    \"1/2 teaspoon ground cinnamon\",\n    \"1/4 teaspoon ground nutmeg\",\n    \"1/4 teaspoon salt\",\n    \"2 cups grated carrots\",\n    \"1 (9 inch) unbaked pie crust\"\n  ],\n  \"instructions\": [\n    \"Preheat oven to 350 degrees F (175 degrees C).\",\n    \"In a medium bowl, cream together the butter, white sugar and brown sugar until smooth.\",\n    \"Beat in the eggs one at a time, then stir in the vanilla.\",\n    \"Combine the flour, baking powder, cinnamon, nutmeg and salt; stir into the creamed mixture.\",\n    \"Stir in the carrots.\",\n    \"Pour into the unbaked pie shell.\",\n    \"Bake for 40 to 50 minutes in the preheated oven, or until a knife inserted into the center of the pie comes out clean.\"\n  ]\n}", "index": 0, "logprobs": null, "finish_reason": "stop"}], "created": 1685888583}');
INSERT INTO public.algapp_statistic (id, file) VALUES (88, '{"id": "cmpl-7NiwZzPy126XyzQtyv09SD2KzG6xl", "model": "text-davinci-003", "usage": {"total_tokens": 337, "prompt_tokens": 13, "completion_tokens": 324}, "object": "text_completion", "choices": [{"text": "\n\n{\n    \"name\": \"Carrot Pie Without Walnuts\",\n    \"ingredients\": [\n        \"1/2 cup butter\",\n        \"1/2 cup white sugar\",\n        \"2 eggs\",\n        \"1/2 teaspoon ground cinnamon\",\n        \"1/4 teaspoon ground nutmeg\",\n        \"1/4 teaspoon ground allspice\",\n        \"1/4 teaspoon ground ginger\",\n        \"1/2 teaspoon salt\",\n        \"1/2 cup all-purpose flour\",\n        \"2 cups grated carrots\",\n        \"1/2 cup raisins\",\n        \"1/2 cup chopped dates\",\n        \"1/2 cup chopped apples\",\n        \"1/2 cup orange juice\",\n        \"1/2 cup chopped walnuts (optional)\"\n    ],\n    \"instructions\": [\n        \"Preheat oven to 350 degrees F (175 degrees C).\",\n        \"In a medium bowl, cream together the butter and sugar until light and fluffy.\",\n        \"Beat in the eggs one at a time, then stir in the cinnamon, nutmeg, allspice, ginger and salt.\",\n        \"Stir in the flour, then fold in the carrots, raisins, dates, apples and orange juice.\",\n        \"Pour the mixture into a 9 inch pie pan.\",\n        \"Bake in preheated oven for 40 minutes, or until a knife inserted into the center of the pie comes out clean.\"\n    ]\n}", "index": 0, "logprobs": null, "finish_reason": "stop"}], "created": 1685888663}');
INSERT INTO public.algapp_statistic (id, file) VALUES (89, '{"id": "cmpl-7Nj2OrzUb5KA5jzyHhadRbHTb5IWM", "model": "text-davinci-003", "usage": {"total_tokens": 303, "prompt_tokens": 13, "completion_tokens": 290}, "object": "text_completion", "choices": [{"text": "\n\n{\n  \"name\": \"Carrot Pie Without Walnuts\",\n  \"ingredients\": [\n    \"1/2 cup butter\",\n    \"1/2 cup white sugar\",\n    \"1/2 cup packed brown sugar\",\n    \"2 eggs\",\n    \"1 teaspoon vanilla extract\",\n    \"1/2 cup all-purpose flour\",\n    \"1/2 teaspoon baking powder\",\n    \"1/2 teaspoon ground cinnamon\",\n    \"1/4 teaspoon ground nutmeg\",\n    \"1/4 teaspoon salt\",\n    \"2 cups grated carrots\",\n    \"1 (9 inch) unbaked pie crust\"\n  ],\n  \"instructions\": [\n    \"Preheat oven to 350 degrees F (175 degrees C).\",\n    \"In a medium bowl, cream together the butter, white sugar and brown sugar until smooth.\",\n    \"Beat in the eggs one at a time, then stir in the vanilla.\",\n    \"Combine the flour, baking powder, cinnamon, nutmeg and salt; stir into the creamed mixture.\",\n    \"Stir in the carrots.\",\n    \"Pour into the unbaked pie shell.\",\n    \"Bake for 40 to 50 minutes in the preheated oven, or until a knife inserted into the center of the pie comes out clean.\"\n  ]\n}", "index": 0, "logprobs": null, "finish_reason": "stop"}], "created": 1685889024}');
INSERT INTO public.algapp_statistic (id, file) VALUES (90, '{"id": "cmpl-7Nj3pyxCiQDBAhuOgjLs8Yh2MNzif", "model": "text-davinci-003", "usage": {"total_tokens": 337, "prompt_tokens": 13, "completion_tokens": 324}, "object": "text_completion", "choices": [{"text": "\n\n{\n    \"name\": \"Carrot Pie Without Walnuts\",\n    \"ingredients\": [\n        \"1/2 cup butter\",\n        \"1/2 cup white sugar\",\n        \"2 eggs\",\n        \"1/2 teaspoon ground cinnamon\",\n        \"1/4 teaspoon ground nutmeg\",\n        \"1/4 teaspoon ground allspice\",\n        \"1/4 teaspoon ground ginger\",\n        \"1/2 teaspoon salt\",\n        \"1/2 cup all-purpose flour\",\n        \"2 cups grated carrots\",\n        \"1/2 cup raisins\",\n        \"1/2 cup chopped dates\",\n        \"1/2 cup chopped apples\",\n        \"1/2 cup orange juice\",\n        \"1/2 cup chopped walnuts (optional)\"\n    ],\n    \"instructions\": [\n        \"Preheat oven to 350 degrees F (175 degrees C).\",\n        \"In a medium bowl, cream together the butter and sugar until light and fluffy.\",\n        \"Beat in the eggs one at a time, then stir in the cinnamon, nutmeg, allspice, ginger and salt.\",\n        \"Stir in the flour, then fold in the carrots, raisins, dates, apples and orange juice.\",\n        \"Pour the mixture into a 9 inch pie pan.\",\n        \"Bake in preheated oven for 40 minutes, or until a knife inserted into the center of the pie comes out clean.\"\n    ]\n}", "index": 0, "logprobs": null, "finish_reason": "stop"}], "created": 1685889113}');
INSERT INTO public.algapp_statistic (id, file) VALUES (91, '{"id": "cmpl-7Nj4KYiR3NtD7OjNWQ1I9kv7LdJ1O", "model": "text-davinci-003", "usage": {"total_tokens": 311, "prompt_tokens": 13, "completion_tokens": 298}, "object": "text_completion", "choices": [{"text": "\n\n{\n    \"name\": \"Carrot Pie Without Walnuts\",\n    \"ingredients\": [\n        \"1/2 cup butter\",\n        \"1/2 cup white sugar\",\n        \"2 eggs\",\n        \"1/2 teaspoon ground cinnamon\",\n        \"1/4 teaspoon ground nutmeg\",\n        \"1/4 teaspoon ground allspice\",\n        \"1/4 teaspoon ground ginger\",\n        \"1/2 teaspoon salt\",\n        \"1/2 cup all-purpose flour\",\n        \"2 cups grated carrots\",\n        \"1/2 cup raisins\",\n        \"1/2 cup chopped dates\",\n        \"1/2 cup chopped apples\"\n    ],\n    \"instructions\": [\n        \"Preheat oven to 350 degrees F (175 degrees C).\",\n        \"In a medium bowl, cream together the butter and sugar until light and fluffy.\",\n        \"Beat in the eggs one at a time, then stir in the cinnamon, nutmeg, allspice, ginger and salt.\",\n        \"Stir in the flour, then fold in the carrots, raisins, dates and apples.\",\n        \"Pour the mixture into a 9 inch pie pan.\",\n        \"Bake in preheated oven for 40 minutes, or until a knife inserted into the center of the pie comes out clean.\"\n    ]\n}", "index": 0, "logprobs": null, "finish_reason": "stop"}], "created": 1685889144}');
INSERT INTO public.algapp_statistic (id, file) VALUES (92, '{"id": "cmpl-7NjOjpkPSOPdwtKmjh796WEjM8HLh", "model": "text-davinci-003", "usage": {"total_tokens": 49, "prompt_tokens": 13, "completion_tokens": 36}, "object": "text_completion", "choices": [{"text": "\n\n{\n    \"time\": \"11:45 PM\",\n    \"city\": \"Tel Aviv\",\n    \"date\": \"June 8, 2020\"\n}", "index": 0, "logprobs": null, "finish_reason": "stop"}], "created": 1685890409}');
INSERT INTO public.algapp_statistic (id, file) VALUES (93, '{"id": "cmpl-7NjQuVv3RLDKmYGqexi6GCI8vc8Qh", "model": "text-davinci-003", "usage": {"total_tokens": 49, "prompt_tokens": 13, "completion_tokens": 36}, "object": "text_completion", "choices": [{"text": "\n\n{\n    \"time\": \"11:45 PM\",\n    \"city\": \"Tel Aviv\",\n    \"date\": \"June 8, 2020\"\n}", "index": 0, "logprobs": null, "finish_reason": "stop"}], "created": 1685890544}');
INSERT INTO public.algapp_statistic (id, file) VALUES (94, '{"id": "cmpl-7NjRGJO5WRQAi6lpJw24TcPzciwPJ", "model": "text-davinci-003", "usage": {"total_tokens": 49, "prompt_tokens": 13, "completion_tokens": 36}, "object": "text_completion", "choices": [{"text": "\n\n{\n    \"time\": \"11:45 PM\",\n    \"city\": \"Tel Aviv\",\n    \"date\": \"June 8, 2020\"\n}", "index": 0, "logprobs": null, "finish_reason": "stop"}], "created": 1685890566}');
INSERT INTO public.algapp_statistic (id, file) VALUES (95, '{"id": "cmpl-7NjXksosPaherFjGGWpTOHZL7jsET", "model": "text-davinci-003", "usage": {"total_tokens": 332, "prompt_tokens": 11, "completion_tokens": 321}, "object": "text_completion", "choices": [{"text": "\n\n{\n    \"name\": \"Carrot Cake\",\n    \"servings\": \"8-10\",\n    \"ingredients\": [\n        \"2 cups all-purpose flour\",\n        \"2 teaspoons baking powder\",\n        \"1 teaspoon baking soda\",\n        \"1 teaspoon ground cinnamon\",\n        \"1/2 teaspoon ground nutmeg\",\n        \"1/2 teaspoon salt\",\n        \"3 large eggs\",\n        \"1 cup granulated sugar\",\n        \"1 cup packed light brown sugar\",\n        \"1 cup vegetable oil\",\n        \"2 teaspoons pure vanilla extract\",\n        \"3 cups grated carrots\",\n        \"1 cup chopped walnuts (optional)\"\n    ],\n    \"instructions\": [\n        \"Preheat oven to 350 degrees F (175 degrees C).\",\n        \"Grease and flour a 9x13 inch pan.\",\n        \"In a medium bowl, whisk together the flour, baking powder, baking soda, cinnamon, nutmeg, and salt.\",\n        \"In a large bowl, beat together the eggs, granulated sugar, brown sugar, oil, and vanilla until well blended.\",\n        \"Stir in the flour mixture until just blended.\",\n        \"Fold in the carrots and walnuts (if using).\",\n        \"Spread the batter into the prepared pan.\",\n        \"Bake for 40 to 50 minutes in the preheated oven, or until a knife inserted into the center of the cake comes out clean.\"\n    ]\n}", "index": 0, "logprobs": null, "finish_reason": "stop"}], "created": 1685890968}');
INSERT INTO public.algapp_statistic (id, file) VALUES (96, '{"id": "cmpl-7NjYN5B9jcClk0il9ZK8iS75EMkni", "model": "text-davinci-003", "usage": {"total_tokens": 332, "prompt_tokens": 11, "completion_tokens": 321}, "object": "text_completion", "choices": [{"text": "\n\n{\n    \"name\": \"Carrot Cake\",\n    \"servings\": \"8-10\",\n    \"ingredients\": [\n        \"2 cups all-purpose flour\",\n        \"2 teaspoons baking powder\",\n        \"1 teaspoon baking soda\",\n        \"1 teaspoon ground cinnamon\",\n        \"1/2 teaspoon ground nutmeg\",\n        \"1/2 teaspoon salt\",\n        \"3 large eggs\",\n        \"1 cup granulated sugar\",\n        \"1 cup packed light brown sugar\",\n        \"1 cup vegetable oil\",\n        \"2 teaspoons pure vanilla extract\",\n        \"3 cups grated carrots\",\n        \"1 cup chopped walnuts (optional)\"\n    ],\n    \"instructions\": [\n        \"Preheat oven to 350 degrees F (175 degrees C).\",\n        \"Grease and flour a 9x13 inch pan.\",\n        \"In a medium bowl, whisk together the flour, baking powder, baking soda, cinnamon, nutmeg, and salt.\",\n        \"In a large bowl, beat together the eggs, granulated sugar, brown sugar, oil, and vanilla until well blended.\",\n        \"Stir in the flour mixture until just blended.\",\n        \"Fold in the carrots and walnuts (if using).\",\n        \"Spread the batter into the prepared pan.\",\n        \"Bake for 40 to 50 minutes in the preheated oven, or until a knife inserted into the center of the cake comes out clean.\"\n    ]\n}", "index": 0, "logprobs": null, "finish_reason": "stop"}], "created": 1685891007}');
INSERT INTO public.algapp_statistic (id, file) VALUES (97, '{"id": "cmpl-7NjbWIBwvclZFulODwtGzDIYPMrZM", "model": "text-davinci-003", "usage": {"total_tokens": 443, "prompt_tokens": 13, "completion_tokens": 430}, "object": "text_completion", "choices": [{"text": "\n\n{\n    \"name\": \"Fish & Chips\",\n    \"servings\": 4,\n    \"ingredients\": [\n        \"4 (6-ounce) cod fillets\",\n        \"1/2 teaspoon garlic powder\",\n        \"1/2 teaspoon onion powder\",\n        \"1/2 teaspoon paprika\",\n        \"1/2 teaspoon dried oregano\",\n        \"1/2 teaspoon dried thyme\",\n        \"1/2 teaspoon salt\",\n        \"1/4 teaspoon freshly ground black pepper\",\n        \"1/2 cup all-purpose flour\",\n        \"2 large eggs, lightly beaten\",\n        \"1 cup panko breadcrumbs\",\n        \"1/4 cup vegetable oil\",\n        \"1/2 cup tartar sauce\",\n        \"4 cups frozen french fries\"\n    ],\n    \"instructions\": [\n        \"1. Preheat oven to 425F. Line a baking sheet with parchment paper.\",\n        \"2. In a small bowl, combine garlic powder, onion powder, paprika, oregano, thyme, salt, and pepper. Sprinkle the mixture over both sides of the cod fillets.\",\n        \"3. Place the flour in a shallow dish. Place the eggs in a separate shallow dish. Place the panko breadcrumbs in a third shallow dish.\",\n        \"4. Dip each cod fillet in the flour, then the eggs, then the panko breadcrumbs, pressing the crumbs onto the fish to help them adhere.\",\n        \"5. Heat the oil in a large skillet over medium-high heat. Add the cod fillets and cook until golden brown and cooked through, about 3 minutes per side.\",\n        \"6. Place the cod fillets on the prepared baking sheet. Bake for 10 minutes.\",\n        \"7. Meanwhile, cook the french fries according to package instructions.\",\n        \"8. Serve the cod fillets with the french fries and tartar sauce.\"\n    ]\n}", "index": 0, "logprobs": null, "finish_reason": "stop"}], "created": 1685891202}');
INSERT INTO public.algapp_statistic (id, file) VALUES (98, '{"id": "cmpl-7Njhxr5MdGXFvo96klAXeiF68VXGl", "model": "text-davinci-003", "usage": {"total_tokens": 1518, "prompt_tokens": 18, "completion_tokens": 1500}, "object": "text_completion", "choices": [{"text": "\n\n{\n\t\"   ''\": \n\t\": \n\t1.         . \n\t2.      -2 \" . \n\t3.            . \n\t4.       . \n\t5.           . \n\t6.           . \n\t7.           . \n\t8.           . \n\t9.           . \n\t10.           . \n\t11.           . \n\t12.           . \n\t13.           . \n\t14.           . \n\t15.           . \n\t16.           . \n\t17.           . \n\t18.           . \n\t19.         ", "index": 0, "logprobs": null, "finish_reason": "length"}], "created": 1685891601}');
INSERT INTO public.algapp_statistic (id, file) VALUES (99, '{"id": "cmpl-7Njig83BdUweeXXKtg9I3xvsDS0nl", "model": "text-davinci-003", "usage": {"total_tokens": 551, "prompt_tokens": 18, "completion_tokens": 533}, "object": "text_completion", "choices": [{"text": "\n\n{\n    \"ru\": \"     : \n\n1.     . \n\n2.      . \n\n3.          200    . \n\n4.           . \n\n5.    ,   . \n\n6.        . \n\n7.            .\"\n}", "index": 0, "logprobs": null, "finish_reason": "stop"}], "created": 1685891646}');
INSERT INTO public.algapp_statistic (id, file) VALUES (100, '{"id": "cmpl-7Njl0YPuFbZYSqUXmHZoC4ZL4ubzF", "model": "text-davinci-003", "usage": {"total_tokens": 498, "prompt_tokens": 18, "completion_tokens": 480}, "object": "text_completion", "choices": [{"text": "\n\n{\n    \"ru\": \"     : \n\n1.     . \n\n2.      . \n\n3.    200      . \n\n4.     . \n\n5.      . \n\n6.        . \n\n7.     . \n\n8.      .\"\n}", "index": 0, "logprobs": null, "finish_reason": "stop"}], "created": 1685891790}');
INSERT INTO public.algapp_statistic (id, file) VALUES (101, '{"id": "cmpl-7NjteRjZW416b87FVXwyAX1DM8jBC", "model": "text-davinci-003", "usage": {"total_tokens": 498, "prompt_tokens": 18, "completion_tokens": 480}, "object": "text_completion", "choices": [{"text": "\n\n{\n    \"ru\": \"     : \n\n1.     . \n\n2.      . \n\n3.    200      . \n\n4.     . \n\n5.      . \n\n6.        . \n\n7.     . \n\n8.      .\"\n}", "index": 0, "logprobs": null, "finish_reason": "stop"}], "created": 1685892326}');
INSERT INTO public.algapp_statistic (id, file) VALUES (102, '{"id": "cmpl-7NjyM8EjyZmtAnTzSkWEldnw6CZw6", "model": "text-davinci-003", "usage": {"total_tokens": 297, "prompt_tokens": 18, "completion_tokens": 279}, "object": "text_completion", "choices": [{"text": "\n\n{\n    \"name\": \"Carrot Pie Without Walnuts\",\n    \"ingredients\": [\n        \"1/2 cup butter\",\n        \"1/2 cup white sugar\",\n        \"2 eggs\",\n        \"1/2 teaspoon vanilla extract\",\n        \"1/2 cup all-purpose flour\",\n        \"1/2 teaspoon baking powder\",\n        \"1/4 teaspoon salt\",\n        \"2 cups grated carrots\",\n        \"1/2 cup raisins\",\n        \"1/2 cup chopped dates\",\n        \"1/2 cup chopped pineapple\"\n    ],\n    \"instructions\": [\n        \"Preheat oven to 350 degrees F (175 degrees C).\",\n        \"In a medium bowl, cream together the butter and sugar until light and fluffy.\",\n        \"Beat in the eggs one at a time, then stir in the vanilla.\",\n        \"Combine the flour, baking powder, and salt; stir into the creamed mixture.\",\n        \"Stir in the carrots, raisins, dates, and pineapple.\",\n        \"Pour into a 9 inch pie pan.\",\n        \"Bake for 40 minutes in the preheated oven, or until a knife inserted into the center of the pie comes out clean.\"\n    ]\n}", "index": 0, "logprobs": null, "finish_reason": "stop"}], "created": 1685892618}');
INSERT INTO public.algapp_statistic (id, file) VALUES (103, '{"id": "cmpl-7Nk5AHcHfYwKVSIkKO0AIHMSDo9jP", "model": "text-davinci-003", "usage": {"total_tokens": 297, "prompt_tokens": 18, "completion_tokens": 279}, "object": "text_completion", "choices": [{"text": "\n\n{\n    \"name\": \"Carrot Pie Without Walnuts\",\n    \"ingredients\": [\n        \"1/2 cup butter\",\n        \"1/2 cup white sugar\",\n        \"2 eggs\",\n        \"1/2 teaspoon vanilla extract\",\n        \"1/2 cup all-purpose flour\",\n        \"1/2 teaspoon baking powder\",\n        \"1/4 teaspoon salt\",\n        \"2 cups grated carrots\",\n        \"1/2 cup raisins\",\n        \"1/2 cup chopped dates\",\n        \"1/2 cup chopped pineapple\"\n    ],\n    \"instructions\": [\n        \"Preheat oven to 350 degrees F (175 degrees C).\",\n        \"In a medium bowl, cream together the butter and sugar until light and fluffy.\",\n        \"Beat in the eggs one at a time, then stir in the vanilla.\",\n        \"Combine the flour, baking powder, and salt; stir into the creamed mixture.\",\n        \"Stir in the carrots, raisins, dates, and pineapple.\",\n        \"Pour into a 9 inch pie pan.\",\n        \"Bake for 40 minutes in the preheated oven, or until a knife inserted into the center of the pie comes out clean.\"\n    ]\n}", "index": 0, "logprobs": null, "finish_reason": "stop"}], "created": 1685893040}');
INSERT INTO public.algapp_statistic (id, file) VALUES (104, '{"id": "cmpl-7Nk8YCbXzSW14pYTqHDsnSI0Xu8fL", "model": "text-davinci-003", "usage": {"total_tokens": 376, "prompt_tokens": 72, "completion_tokens": 304}, "object": "text_completion", "choices": [{"text": "\n\n{\n    \"name\": \"Carrot Pie Without Walnuts\",\n    \"ingredients\": [\n        \"2 cups all-purpose flour\",\n        \"1 teaspoon baking powder\",\n        \"1 teaspoon salt\",\n        \"1/2 cup butter, softened\",\n        \"1/2 cup white sugar\",\n        \"1/2 cup packed brown sugar\",\n        \"2 eggs\",\n        \"1 teaspoon vanilla extract\",\n        \"2 cups grated carrots\",\n        \"1/2 cup raisins\",\n        \"1/2 cup chopped dates\",\n        \"1/2 cup chopped dried apricots\"\n    ],\n    \"instructions\": [\n        \"Preheat oven to 350 degrees F (175 degrees C).\",\n        \"In a medium bowl, stir together the flour, baking powder and salt. Set aside.\",\n        \"In a large bowl, cream together the butter, white sugar and brown sugar until smooth. Beat in the eggs one at a time, then stir in the vanilla. Gradually stir the dry ingredients into the creamed mixture. Finally, stir in the carrots, raisins, dates and apricots. Spread evenly into a 9x13 inch baking pan.\",\n        \"Bake for 30 to 40 minutes in the preheated oven, or until a knife inserted into the center of the cake comes out clean. Allow to cool before serving.\"\n    ]\n}", "index": 0, "logprobs": null, "finish_reason": "stop"}], "created": 1685893250}');
INSERT INTO public.algapp_statistic (id, file) VALUES (105, '{"id": "cmpl-7Nk9f4tlDSiwHObAtEplEkTmveYGq", "model": "text-davinci-003", "usage": {"total_tokens": 336, "prompt_tokens": 34, "completion_tokens": 302}, "object": "text_completion", "choices": [{"text": "\n\n{\n    \"recipe\": {\n        \"name\": \"Carrot Pie Without Walnuts and Celery\",\n        \"ingredients\": [\n            \"2 cups all-purpose flour\",\n            \"1 teaspoon baking powder\",\n            \"1 teaspoon salt\",\n            \"1/2 cup butter, softened\",\n            \"1/2 cup white sugar\",\n            \"1/2 cup packed brown sugar\",\n            \"2 eggs\",\n            \"1 teaspoon vanilla extract\",\n            \"2 cups grated carrots\",\n            \"1/2 cup raisins\",\n            \"1/2 cup chopped dates\"\n        ],\n        \"instructions\": [\n            \"Preheat oven to 350 degrees F (175 degrees C).\",\n            \"In a medium bowl, stir together the flour, baking powder and salt.\",\n            \"In a large bowl, cream together the butter, white sugar and brown sugar until smooth.\",\n            \"Beat in the eggs one at a time, then stir in the vanilla.\",\n            \"Gradually stir the dry ingredients into the creamed mixture.\",\n            \"Stir in the carrots, raisins and dates.\",\n            \"Spread evenly into a 9x13 inch baking pan.\",\n            \"Bake for 30 to 40 minutes in the preheated oven, or until a knife inserted into the center of the cake comes out clean.\"\n        ]\n    }\n}", "index": 0, "logprobs": null, "finish_reason": "stop"}], "created": 1685893319}');
INSERT INTO public.algapp_statistic (id, file) VALUES (106, '{"id": "cmpl-7NkBv5L8fAlWOJxy1HLIJuo6JwykC", "model": "text-davinci-003", "usage": {"total_tokens": 299, "prompt_tokens": 30, "completion_tokens": 269}, "object": "text_completion", "choices": [{"text": "\n\n{\n  \"name\": \"Carrot Pie without Walnuts and Celery\",\n  \"ingredients\": [\n    \"1/2 cup butter\",\n    \"1/2 cup white sugar\",\n    \"2 eggs\",\n    \"1/2 teaspoon vanilla extract\",\n    \"1/2 cup all-purpose flour\",\n    \"1/2 teaspoon baking powder\",\n    \"1/4 teaspoon salt\",\n    \"2 cups grated carrots\",\n    \"1/2 cup raisins\",\n    \"1/2 cup chopped dates\"\n  ],\n  \"instructions\": [\n    \"Preheat oven to 350 degrees F (175 degrees C).\",\n    \"In a medium bowl, cream together the butter and sugar until light and fluffy.\",\n    \"Beat in the eggs one at a time, then stir in the vanilla.\",\n    \"Combine the flour, baking powder, and salt; stir into the creamed mixture.\",\n    \"Stir in the carrots, raisins, and dates.\",\n    \"Spread evenly into a 9 inch pie plate.\",\n    \"Bake for 25 to 30 minutes in the preheated oven, or until a knife inserted into the center comes out clean.\"\n  ]\n}", "index": 0, "logprobs": null, "finish_reason": "stop"}], "created": 1685893459}');
INSERT INTO public.algapp_statistic (id, file) VALUES (107, '{"id": "cmpl-7NkE3UjSFnm7aE86UTRvS9T4SAx4d", "model": "text-davinci-003", "usage": {"total_tokens": 306, "prompt_tokens": 25, "completion_tokens": 281}, "object": "text_completion", "choices": [{"text": "\n\n{\n    \"name\": \"Carrot Pie without Walnuts\",\n    \"ingredients\": [\n        \"2 cups all-purpose flour\",\n        \"1 teaspoon baking powder\",\n        \"1 teaspoon salt\",\n        \"1/2 cup butter, softened\",\n        \"1/2 cup white sugar\",\n        \"1/2 cup packed brown sugar\",\n        \"2 eggs\",\n        \"1 teaspoon vanilla extract\",\n        \"2 cups grated carrots\",\n        \"1/2 cup raisins\",\n        \"1/2 cup chopped dates\"\n    ],\n    \"instructions\": [\n        \"Preheat oven to 350 degrees F (175 degrees C).\",\n        \"In a medium bowl, stir together the flour, baking powder and salt. Set aside.\",\n        \"In a large bowl, cream together the butter, white sugar and brown sugar until smooth. Beat in the eggs one at a time, then stir in the vanilla. Gradually stir the dry ingredients into the creamed mixture. Finally, stir in the carrots, raisins and dates. Spread evenly into a 9x13 inch baking pan.\",\n        \"Bake for 30 to 40 minutes in the preheated oven, or until a knife inserted into the center of the cake comes out clean.\"\n    ]\n}", "index": 0, "logprobs": null, "finish_reason": "stop"}], "created": 1685893591}');
INSERT INTO public.algapp_statistic (id, file) VALUES (108, '{"id": "cmpl-7NkF3BUI1E2u1L70Ewgvux1Yp4rhN", "model": "text-davinci-003", "usage": {"total_tokens": 306, "prompt_tokens": 25, "completion_tokens": 281}, "object": "text_completion", "choices": [{"text": "\n\n{\n    \"name\": \"Carrot Pie without Walnuts\",\n    \"ingredients\": [\n        \"2 cups all-purpose flour\",\n        \"1 teaspoon baking powder\",\n        \"1 teaspoon salt\",\n        \"1/2 cup butter, softened\",\n        \"1/2 cup white sugar\",\n        \"1/2 cup packed brown sugar\",\n        \"2 eggs\",\n        \"1 teaspoon vanilla extract\",\n        \"2 cups grated carrots\",\n        \"1/2 cup raisins\",\n        \"1/2 cup chopped dates\"\n    ],\n    \"instructions\": [\n        \"Preheat oven to 350 degrees F (175 degrees C).\",\n        \"In a medium bowl, stir together the flour, baking powder and salt. Set aside.\",\n        \"In a large bowl, cream together the butter, white sugar and brown sugar until smooth. Beat in the eggs one at a time, then stir in the vanilla. Gradually stir the dry ingredients into the creamed mixture. Finally, stir in the carrots, raisins and dates. Spread evenly into a 9x13 inch baking pan.\",\n        \"Bake for 30 to 40 minutes in the preheated oven, or until a knife inserted into the center of the cake comes out clean.\"\n    ]\n}", "index": 0, "logprobs": null, "finish_reason": "stop"}], "created": 1685893653}');
INSERT INTO public.algapp_statistic (id, file) VALUES (109, '{"id": "cmpl-7NkFx9wHRkVXh9dB4MDsU8JbDGi3s", "model": "text-davinci-003", "usage": {"total_tokens": 288, "prompt_tokens": 15, "completion_tokens": 273}, "object": "text_completion", "choices": [{"text": "\n\n{\n    \"name\": \"Cake without Celery\",\n    \"ingredients\": [\n        \"2 cups all-purpose flour\",\n        \"1 teaspoon baking powder\",\n        \"1/2 teaspoon baking soda\",\n        \"1/2 teaspoon salt\",\n        \"1/2 cup butter, softened\",\n        \"1 cup white sugar\",\n        \"2 eggs\",\n        \"1 teaspoon vanilla extract\",\n        \"1 cup buttermilk\"\n    ],\n    \"instructions\": [\n        \"Preheat oven to 350 degrees F (175 degrees C).\",\n        \"Grease and flour a 9x13 inch pan.\",\n        \"In a large bowl, mix together the flour, baking powder, baking soda and salt.\",\n        \"In a separate bowl, cream together the butter and sugar until light and fluffy.\",\n        \"Beat in the eggs one at a time, then stir in the vanilla.\",\n        \"Add the dry ingredients to the creamed mixture alternately with the buttermilk, mixing until just incorporated.\",\n        \"Pour batter into prepared pan.\",\n        \"Bake for 30 to 35 minutes in the preheated oven, or until a toothpick inserted into the center of the cake comes out clean.\"\n    ]\n}", "index": 0, "logprobs": null, "finish_reason": "stop"}], "created": 1685893709}');
INSERT INTO public.algapp_statistic (id, file) VALUES (110, '{"id": "cmpl-7NkjDKDSkn0ugtAOiMZfa0BvTHTEd", "model": "text-davinci-003", "usage": {"total_tokens": 287, "prompt_tokens": 15, "completion_tokens": 272}, "object": "text_completion", "choices": [{"text": "\n\n{\n    \"name\": \"Cake without Celery\",\n    \"ingredients\": [\n        \"2 cups all-purpose flour\",\n        \"1 teaspoon baking powder\",\n        \"1/2 teaspoon baking soda\",\n        \"1/2 teaspoon salt\",\n        \"1/2 cup butter, softened\",\n        \"1 cup white sugar\",\n        \"2 eggs\",\n        \"1 teaspoon vanilla extract\",\n        \"1 cup buttermilk\"\n    ],\n    \"instructions\": [\n        \"Preheat oven to 350 degrees F (175 degrees C).\",\n        \"Grease and flour a 9x13 inch pan.\",\n        \"In a large bowl, mix together the flour, baking powder, baking soda and salt.\",\n        \"In a separate bowl, cream together the butter and sugar until light and fluffy.\",\n        \"Beat in the eggs one at a time, then stir in the vanilla.\",\n        \"Alternately add the flour mixture and buttermilk to the creamed mixture, mixing just until incorporated.\",\n        \"Pour batter into prepared pan.\",\n        \"Bake for 30 to 40 minutes in the preheated oven, or until a toothpick inserted into the center of the cake comes out clean.\"\n    ]\n}", "index": 0, "logprobs": null, "finish_reason": "stop"}], "created": 1685895523}');
INSERT INTO public.algapp_statistic (id, file) VALUES (111, '{"id": "cmpl-7NknO1F7pNIbEV30JRAUPstFUtJ3W", "model": "text-davinci-003", "usage": {"total_tokens": 292, "prompt_tokens": 18, "completion_tokens": 274}, "object": "text_completion", "choices": [{"text": "\n\n{\n  \"name\": \"Fish & Chips\",\n  \"ingredients\": [\n    \"2 large potatoes, peeled and cut into chips\",\n    \"1/2 cup all-purpose flour\",\n    \"1 teaspoon baking powder\",\n    \"1/2 teaspoon salt\",\n    \"1/4 teaspoon ground black pepper\",\n    \"1/2 cup cold water\",\n    \"1 pound cod fillets, cut into strips\",\n    \"Vegetable oil, for frying\"\n  ],\n  \"instructions\": [\n    \"In a large pot, heat oil to 375 degrees F (190 degrees C).\",\n    \"In a medium bowl, mix together the flour, baking powder, salt, and pepper.\",\n    \"Stir in the cold water until a thick batter forms.\",\n    \"Dip the cod strips into the batter, and carefully place them into the hot oil.\",\n    \"Fry the cod for 3 to 4 minutes, or until golden brown.\",\n    \"Remove the cod from the oil, and drain on paper towels.\",\n    \"In the same pot of oil, fry the chips for 5 to 7 minutes, or until golden brown.\",\n    \"Remove the chips from the oil, and drain on paper towels.\"\n  ]\n}", "index": 0, "logprobs": null, "finish_reason": "stop"}], "created": 1685895782}');
INSERT INTO public.algapp_statistic (id, file) VALUES (112, '{"id": "cmpl-7NkoAz6P3Kkh5Bzb1NyTDCRGY3bZV", "model": "text-davinci-003", "usage": {"total_tokens": 270, "prompt_tokens": 18, "completion_tokens": 252}, "object": "text_completion", "choices": [{"text": "\n\n{\n  \"name\": \"Fish & Chips\",\n  \"ingredients\": [\n    \"2 large potatoes, peeled and cut into chips\",\n    \"1/2 cup all-purpose flour\",\n    \"1 teaspoon baking powder\",\n    \"1/2 teaspoon salt\",\n    \"1/4 teaspoon ground black pepper\",\n    \"1/2 cup cold water\",\n    \"1 pound cod fillets, cut into strips\",\n    \"Vegetable oil, for frying\"\n  ],\n  \"instructions\": [\n    \"In a large pot, heat oil to 375 degrees F (190 degrees C).\",\n    \"In a medium bowl, mix together the flour, baking powder, salt, and pepper. Stir in the cold water until a thick batter is formed.\",\n    \"Dip the cod strips into the batter, and carefully place them into the hot oil. Fry for 3 to 4 minutes, or until golden brown.\",\n    \"Remove the fish from the oil, and drain on paper towels.\",\n    \"In the same oil, fry the chips for 5 to 7 minutes, or until golden brown. Drain on paper towels.\"\n  ]\n}", "index": 0, "logprobs": null, "finish_reason": "stop"}], "created": 1685895830}');
INSERT INTO public.algapp_statistic (id, file) VALUES (113, '{"id": "cmpl-7NkonX1rMQ9OKnu7LpJDWTKMd86nn", "model": "text-davinci-003", "usage": {"total_tokens": 307, "prompt_tokens": 18, "completion_tokens": 289}, "object": "text_completion", "choices": [{"text": "\n\n{\n  \"name\": \"Fish & Chips\",\n  \"ingredients\": [\n    \"2 large potatoes, peeled and cut into chips\",\n    \"1/2 cup all-purpose flour\",\n    \"1 teaspoon baking powder\",\n    \"1/2 teaspoon salt\",\n    \"1/4 teaspoon ground black pepper\",\n    \"1/2 cup cold water\",\n    \"1 pound cod fillets, cut into strips\",\n    \"Vegetable oil, for frying\"\n  ],\n  \"instructions\": [\n    \"In a large pot, heat oil to 375 degrees F (190 degrees C).\",\n    \"In a medium bowl, mix together the flour, baking powder, salt, and pepper.\",\n    \"Stir in the cold water until a thick batter forms.\",\n    \"Dip the cod strips into the batter, and carefully place them into the hot oil.\",\n    \"Fry the cod for 3 to 4 minutes, or until golden brown.\",\n    \"Remove the cod from the oil and drain on paper towels.\",\n    \"In the same pot of oil, fry the chips for 5 to 7 minutes, or until golden brown.\",\n    \"Remove the chips from the oil and drain on paper towels.\",\n    \"Serve the fish and chips with tartar sauce or malt vinegar.\"\n  ]\n}", "index": 0, "logprobs": null, "finish_reason": "stop"}], "created": 1685895869}');
INSERT INTO public.algapp_statistic (id, file) VALUES (114, '{"id": "cmpl-7Nkxh8CfMjGJkuzMyqKkt8U1p97f8", "model": "text-davinci-003", "usage": {"total_tokens": 189, "prompt_tokens": 23, "completion_tokens": 166}, "object": "text_completion", "choices": [{"text": "\n\n{\n  \"Tips\": [\n    \"Read food labels carefully and avoid foods that contain your allergen.\",\n    \"Carry an epinephrine auto-injector with you at all times in case of an emergency.\",\n    \"Carry a card that lists your food allergies and emergency contact information.\",\n    \"Ask questions when eating out and make sure the restaurant is aware of your food allergies.\",\n    \"Cook at home as much as possible and use separate utensils and cookware for allergen-free foods.\",\n    \"Look for allergen-free alternatives to your favorite foods.\",\n    \"Be aware of cross-contamination when shopping for food.\",\n    \"Be prepared for accidental exposures and know how to treat them.\"\n  ]\n}", "index": 0, "logprobs": null, "finish_reason": "stop"}], "created": 1685896421}');
INSERT INTO public.algapp_statistic (id, file) VALUES (115, '{"id": "cmpl-7Nl07uSj5I3R0R55p6Md9vZPB2NEp", "model": "text-davinci-003", "usage": {"total_tokens": 107, "prompt_tokens": 18, "completion_tokens": 89}, "object": "text_completion", "choices": [{"text": "\n\nYou can get from Haifa to Tel Aviv without using the Celery service by taking a bus, train, or taxi. The most convenient option would be to take a bus, as there are several direct routes from Haifa to Tel Aviv. The response in JSON format would look like this:\n\n{\n    \"transport_type\": \"bus\",\n    \"route\": \"Haifa to Tel Aviv\"\n}", "index": 0, "logprobs": null, "finish_reason": "stop"}], "created": 1685896571}');
INSERT INTO public.algapp_statistic (id, file) VALUES (116, '{"id": "cmpl-7Nl2DDzXdGhlezZlm74IxW6TyyRdc", "model": "text-davinci-003", "usage": {"total_tokens": 311, "prompt_tokens": 16, "completion_tokens": 295}, "object": "text_completion", "choices": [{"text": "\n\n{\n  \"name\": \"Apple Cake\",\n  \"ingredients\": [\n    \"2 cups all-purpose flour\",\n    \"1 teaspoon baking powder\",\n    \"1 teaspoon baking soda\",\n    \"1 teaspoon ground cinnamon\",\n    \"1/2 teaspoon ground nutmeg\",\n    \"1/2 teaspoon salt\",\n    \"1/2 cup butter, softened\",\n    \"1 cup white sugar\",\n    \"2 eggs\",\n    \"1 teaspoon vanilla extract\",\n    \"1 cup sour cream\",\n    \"2 cups chopped apples\"\n  ],\n  \"instructions\": [\n    \"Preheat oven to 350 degrees F (175 degrees C).\",\n    \"Grease and flour a 9x13 inch pan.\",\n    \"In a medium bowl, stir together the flour, baking powder, baking soda, cinnamon, nutmeg and salt.\",\n    \"In a large bowl, cream together the butter and sugar until smooth.\",\n    \"Beat in the eggs one at a time, then stir in the vanilla.\",\n    \"Mix in the flour mixture alternately with the sour cream.\",\n    \"Fold in the apples.\",\n    \"Spread evenly into the prepared pan.\",\n    \"Bake for 40 to 50 minutes in the preheated oven, or until a knife inserted into the center of the cake comes out clean.\"\n  ]\n}", "index": 0, "logprobs": null, "finish_reason": "stop"}], "created": 1685896701}');
INSERT INTO public.algapp_statistic (id, file) VALUES (117, '{"id": "cmpl-7Nl4mJXD0YwnitGzKnJC54WhPnui2", "model": "text-davinci-003", "usage": {"total_tokens": 319, "prompt_tokens": 16, "completion_tokens": 303}, "object": "text_completion", "choices": [{"text": "\n\n{\n  \"name\": \"Apple Cake\",\n  \"ingredients\": [\n    \"2 cups all-purpose flour\",\n    \"1 teaspoon baking soda\",\n    \"1 teaspoon baking powder\",\n    \"1 teaspoon ground cinnamon\",\n    \"1/2 teaspoon ground nutmeg\",\n    \"1/2 teaspoon salt\",\n    \"1/2 cup butter, softened\",\n    \"1 cup white sugar\",\n    \"2 eggs\",\n    \"1 teaspoon vanilla extract\",\n    \"1 cup applesauce\",\n    \"2 cups chopped apples\"\n  ],\n  \"instructions\": [\n    \"Preheat oven to 350 degrees F (175 degrees C).\",\n    \"Grease and flour a 9x13 inch pan.\",\n    \"In a medium bowl, stir together the flour, baking soda, baking powder, cinnamon, nutmeg and salt.\",\n    \"In a large bowl, cream together the butter and sugar until smooth.\",\n    \"Beat in the eggs one at a time, then stir in the vanilla.\",\n    \"Stir in the applesauce and chopped apples.\",\n    \"Gradually stir the dry ingredients into the wet mixture until just blended.\",\n    \"Spread evenly into the prepared pan.\",\n    \"Bake for 40 to 45 minutes in the preheated oven, or until a knife inserted into the center of the cake comes out clean.\"\n  ]\n}", "index": 0, "logprobs": null, "finish_reason": "stop"}], "created": 1685896860}');
INSERT INTO public.algapp_statistic (id, file) VALUES (118, '{"id": "cmpl-7NlAWIEb8zmSAwaOOa0PyPlEpmdns", "model": "text-davinci-003", "usage": {"total_tokens": 311, "prompt_tokens": 16, "completion_tokens": 295}, "object": "text_completion", "choices": [{"text": "\n\n{\n  \"name\": \"Apple Cake\",\n  \"ingredients\": [\n    \"2 cups all-purpose flour\",\n    \"1 teaspoon baking powder\",\n    \"1 teaspoon baking soda\",\n    \"1 teaspoon ground cinnamon\",\n    \"1/2 teaspoon ground nutmeg\",\n    \"1/2 teaspoon salt\",\n    \"1/2 cup butter, softened\",\n    \"1 cup white sugar\",\n    \"2 eggs\",\n    \"1 teaspoon vanilla extract\",\n    \"1 cup sour cream\",\n    \"2 cups chopped apples\"\n  ],\n  \"instructions\": [\n    \"Preheat oven to 350 degrees F (175 degrees C).\",\n    \"Grease and flour a 9x13 inch pan.\",\n    \"In a medium bowl, stir together the flour, baking powder, baking soda, cinnamon, nutmeg and salt.\",\n    \"In a large bowl, cream together the butter and sugar until smooth.\",\n    \"Beat in the eggs one at a time, then stir in the vanilla.\",\n    \"Mix in the flour mixture alternately with the sour cream.\",\n    \"Fold in the apples.\",\n    \"Spread evenly into the prepared pan.\",\n    \"Bake for 40 to 50 minutes in the preheated oven, or until a knife inserted into the center of the cake comes out clean.\"\n  ]\n}", "index": 0, "logprobs": null, "finish_reason": "stop"}], "created": 1685897216}');
INSERT INTO public.algapp_statistic (id, file) VALUES (119, '{"id": "cmpl-7NlAw2iACzkkE5LcVbzyjaylDrr8X", "model": "text-davinci-003", "usage": {"total_tokens": 311, "prompt_tokens": 16, "completion_tokens": 295}, "object": "text_completion", "choices": [{"text": "\n\n{\n  \"name\": \"Apple Cake\",\n  \"ingredients\": [\n    \"2 cups all-purpose flour\",\n    \"1 teaspoon baking powder\",\n    \"1 teaspoon baking soda\",\n    \"1 teaspoon ground cinnamon\",\n    \"1/2 teaspoon ground nutmeg\",\n    \"1/2 teaspoon salt\",\n    \"1/2 cup butter, softened\",\n    \"1 cup white sugar\",\n    \"2 eggs\",\n    \"1 teaspoon vanilla extract\",\n    \"1 cup sour cream\",\n    \"2 cups chopped apples\"\n  ],\n  \"instructions\": [\n    \"Preheat oven to 350 degrees F (175 degrees C).\",\n    \"Grease and flour a 9x13 inch pan.\",\n    \"In a medium bowl, stir together the flour, baking powder, baking soda, cinnamon, nutmeg and salt.\",\n    \"In a large bowl, cream together the butter and sugar until smooth.\",\n    \"Beat in the eggs one at a time, then stir in the vanilla.\",\n    \"Mix in the flour mixture alternately with the sour cream.\",\n    \"Fold in the apples.\",\n    \"Spread evenly into the prepared pan.\",\n    \"Bake for 40 to 45 minutes in the preheated oven, or until a knife inserted into the center of the cake comes out clean.\"\n  ]\n}", "index": 0, "logprobs": null, "finish_reason": "stop"}], "created": 1685897242}');
INSERT INTO public.algapp_statistic (id, file) VALUES (120, '{"id": "cmpl-7NlBqlQ1uL3lxWyx3eCEKbprNvjTY", "model": "text-davinci-003", "usage": {"total_tokens": 322, "prompt_tokens": 16, "completion_tokens": 306}, "object": "text_completion", "choices": [{"text": "\n\n{\n  \"name\": \"Apple Cake\",\n  \"ingredients\": [\n    \"2 cups all-purpose flour\",\n    \"1 teaspoon baking soda\",\n    \"1 teaspoon baking powder\",\n    \"1 teaspoon ground cinnamon\",\n    \"1/2 teaspoon ground nutmeg\",\n    \"1/2 teaspoon salt\",\n    \"1/2 cup butter, softened\",\n    \"1 cup white sugar\",\n    \"2 eggs\",\n    \"1 teaspoon vanilla extract\",\n    \"1 cup applesauce\",\n    \"2 cups chopped apples\"\n  ],\n  \"instructions\": [\n    \"Preheat oven to 350 degrees F (175 degrees C).\",\n    \"Grease and flour a 9x13 inch pan.\",\n    \"In a medium bowl, stir together the flour, baking soda, baking powder, cinnamon, nutmeg and salt.\",\n    \"In a large bowl, cream together the butter and sugar until smooth.\",\n    \"Beat in the eggs one at a time, then stir in the vanilla.\",\n    \"Stir in the applesauce and chopped apples.\",\n    \"Gradually stir the dry ingredients into the wet mixture until everything is blended together.\",\n    \"Spread the batter into the prepared pan.\",\n    \"Bake for 40 to 50 minutes in the preheated oven, or until a knife inserted into the center of the cake comes out clean.\"\n  ]\n}", "index": 0, "logprobs": null, "finish_reason": "stop"}], "created": 1685897298}');
INSERT INTO public.algapp_statistic (id, file) VALUES (121, '{"id": "cmpl-7NlDkEyFil6tRQGq1lHDkXarLxs3h", "model": "text-davinci-003", "usage": {"total_tokens": 311, "prompt_tokens": 16, "completion_tokens": 295}, "object": "text_completion", "choices": [{"text": "\n\n{\n  \"name\": \"Apple Cake\",\n  \"ingredients\": [\n    \"2 cups all-purpose flour\",\n    \"1 teaspoon baking powder\",\n    \"1 teaspoon baking soda\",\n    \"1 teaspoon ground cinnamon\",\n    \"1/2 teaspoon ground nutmeg\",\n    \"1/2 teaspoon salt\",\n    \"1/2 cup butter, softened\",\n    \"1 cup white sugar\",\n    \"2 eggs\",\n    \"1 teaspoon vanilla extract\",\n    \"1 cup sour cream\",\n    \"2 cups chopped apples\"\n  ],\n  \"instructions\": [\n    \"Preheat oven to 350 degrees F (175 degrees C).\",\n    \"Grease and flour a 9x13 inch pan.\",\n    \"In a medium bowl, stir together the flour, baking powder, baking soda, cinnamon, nutmeg and salt.\",\n    \"In a large bowl, cream together the butter and sugar until smooth.\",\n    \"Beat in the eggs one at a time, then stir in the vanilla.\",\n    \"Mix in the flour mixture alternately with the sour cream.\",\n    \"Fold in the apples.\",\n    \"Spread evenly into the prepared pan.\",\n    \"Bake for 40 to 50 minutes in the preheated oven, or until a knife inserted into the center of the cake comes out clean.\"\n  ]\n}", "index": 0, "logprobs": null, "finish_reason": "stop"}], "created": 1685897416}');
INSERT INTO public.algapp_statistic (id, file) VALUES (122, '{"id": "cmpl-7NlFYS80kXU9LffJ1d04SW2pTaE4s", "model": "text-davinci-003", "usage": {"total_tokens": 319, "prompt_tokens": 16, "completion_tokens": 303}, "object": "text_completion", "choices": [{"text": "\n\n{\n  \"name\": \"Apple Cake\",\n  \"ingredients\": [\n    \"2 cups all-purpose flour\",\n    \"1 teaspoon baking soda\",\n    \"1 teaspoon baking powder\",\n    \"1 teaspoon ground cinnamon\",\n    \"1/2 teaspoon ground nutmeg\",\n    \"1/2 teaspoon salt\",\n    \"1/2 cup butter, softened\",\n    \"1 cup white sugar\",\n    \"2 eggs\",\n    \"1 teaspoon vanilla extract\",\n    \"1 cup applesauce\",\n    \"2 cups chopped apples\"\n  ],\n  \"instructions\": [\n    \"Preheat oven to 350 degrees F (175 degrees C).\",\n    \"Grease and flour a 9x13 inch pan.\",\n    \"In a medium bowl, stir together the flour, baking soda, baking powder, cinnamon, nutmeg and salt.\",\n    \"In a large bowl, cream together the butter and sugar until smooth.\",\n    \"Beat in the eggs one at a time, then stir in the vanilla.\",\n    \"Stir in the applesauce and chopped apples.\",\n    \"Gradually stir the dry ingredients into the wet mixture until just blended.\",\n    \"Spread evenly into the prepared pan.\",\n    \"Bake for 40 to 45 minutes in the preheated oven, or until a knife inserted into the center of the cake comes out clean.\"\n  ]\n}", "index": 0, "logprobs": null, "finish_reason": "stop"}], "created": 1685897528}');
INSERT INTO public.algapp_statistic (id, file) VALUES (123, '{"id": "cmpl-7NlGcldaHQDt1B9ys1uvK3tztJobb", "model": "text-davinci-003", "usage": {"total_tokens": 319, "prompt_tokens": 16, "completion_tokens": 303}, "object": "text_completion", "choices": [{"text": "\n\n{\n  \"name\": \"Apple Cake\",\n  \"ingredients\": [\n    \"2 cups all-purpose flour\",\n    \"1 teaspoon baking soda\",\n    \"1 teaspoon baking powder\",\n    \"1 teaspoon ground cinnamon\",\n    \"1/2 teaspoon ground nutmeg\",\n    \"1/2 teaspoon salt\",\n    \"1/2 cup butter, softened\",\n    \"1 cup white sugar\",\n    \"2 eggs\",\n    \"1 teaspoon vanilla extract\",\n    \"1 cup applesauce\",\n    \"2 cups chopped apples\"\n  ],\n  \"instructions\": [\n    \"Preheat oven to 350 degrees F (175 degrees C).\",\n    \"Grease and flour a 9x13 inch pan.\",\n    \"In a medium bowl, stir together the flour, baking soda, baking powder, cinnamon, nutmeg and salt.\",\n    \"In a large bowl, cream together the butter and sugar until smooth.\",\n    \"Beat in the eggs one at a time, then stir in the vanilla.\",\n    \"Stir in the applesauce and chopped apples.\",\n    \"Gradually stir the dry ingredients into the wet mixture until just blended.\",\n    \"Spread evenly into the prepared pan.\",\n    \"Bake for 40 to 45 minutes in the preheated oven, or until a knife inserted into the center of the cake comes out clean.\"\n  ]\n}", "index": 0, "logprobs": null, "finish_reason": "stop"}], "created": 1685897594}');
INSERT INTO public.algapp_statistic (id, file) VALUES (124, '{"id": "cmpl-7NlQJEsGQy8m58NoLUH1uLpSwG08D", "model": "text-davinci-003", "usage": {"total_tokens": 222, "prompt_tokens": 17, "completion_tokens": 205}, "object": "text_completion", "choices": [{"text": "\n\n{\n  \"name\": \"Pelmeny\",\n  \"ingredients\": [\n    \"1 lb ground beef\",\n    \"1/2 cup onion, finely chopped\",\n    \"1/2 cup cooked rice\",\n    \"1 egg\",\n    \"1/2 teaspoon salt\",\n    \"1/4 teaspoon pepper\",\n    \"1/4 teaspoon garlic powder\"\n  ],\n  \"instructions\": [\n    \"In a large bowl, combine the ground beef, onion, cooked rice, egg, salt, pepper, and garlic powder.\",\n    \"Mix together until all ingredients are evenly distributed.\",\n    \"Form the mixture into small balls, about 1 inch in diameter.\",\n    \"Bring a large pot of salted water to a boil.\",\n    \"Drop the pelmeny into the boiling water and cook for 10 minutes.\",\n    \"Remove the pelmeny from the water and serve hot.\"\n  ]\n}", "index": 0, "logprobs": null, "finish_reason": "stop"}], "created": 1685898195}');
INSERT INTO public.algapp_statistic (id, file) VALUES (125, '{"id": "cmpl-7VGJrysIxxXfB6HyDs12ueVrc61KO", "model": "text-davinci-003", "usage": {"total_tokens": 176, "prompt_tokens": 24, "completion_tokens": 152}, "object": "text_completion", "choices": [{"text": "\n\n{\n  \"name\": \"Potato with Meat\",\n  \"ingredients\": [\n    \"Potatoes\",\n    \"Ground Beef\",\n    \"Onion\",\n    \"Garlic\",\n    \"Tomato Sauce\",\n    \"Salt\",\n    \"Pepper\"\n  ],\n  \"instructions\": [\n    \"Peel and dice the potatoes.\",\n    \"In a large skillet, cook the ground beef, onion, and garlic until the beef is browned.\",\n    \"Add the potatoes and tomato sauce to the skillet and season with salt and pepper.\",\n    \"Cover and cook for 15 minutes, stirring occasionally.\",\n    \"Serve hot.\"\n  ]\n}", "index": 0, "logprobs": null, "finish_reason": "stop"}], "created": 1687685255}');
INSERT INTO public.algapp_statistic (id, file) VALUES (126, '{"id": "cmpl-7VGKPNDnN9OeHB99xd8bAHxEU3Np6", "model": "text-davinci-003", "usage": {"total_tokens": 191, "prompt_tokens": 27, "completion_tokens": 164}, "object": "text_completion", "choices": [{"text": "\n\n{\n  \"name\": \"Potato with Meat and Parsley\",\n  \"ingredients\": [\n    \"Potatoes\",\n    \"Ground Meat\",\n    \"Parsley\",\n    \"Salt\",\n    \"Pepper\",\n    \"Olive Oil\"\n  ],\n  \"instructions\": [\n    \"Peel and dice the potatoes.\",\n    \"In a large skillet, heat the olive oil over medium-high heat.\",\n    \"Add the ground meat and cook until browned.\",\n    \"Add the potatoes and season with salt and pepper.\",\n    \"Cook for 10 minutes, stirring occasionally.\",\n    \"Add the parsley and cook for an additional 5 minutes.\",\n    \"Serve hot.\"\n  ]\n}", "index": 0, "logprobs": null, "finish_reason": "stop"}], "created": 1687685289}');
INSERT INTO public.algapp_statistic (id, file) VALUES (127, '{"id": "cmpl-7VGKPFL9WHesFj9fnTCi2ukgOdWUd", "model": "text-davinci-003", "usage": {"total_tokens": 191, "prompt_tokens": 27, "completion_tokens": 164}, "object": "text_completion", "choices": [{"text": "\n\n{\n  \"name\": \"Potato with Meat and Parsley\",\n  \"ingredients\": [\n    \"Potatoes\",\n    \"Ground Meat\",\n    \"Parsley\",\n    \"Salt\",\n    \"Pepper\",\n    \"Olive Oil\"\n  ],\n  \"instructions\": [\n    \"Peel and dice the potatoes.\",\n    \"In a large skillet, heat the olive oil over medium-high heat.\",\n    \"Add the ground meat and cook until browned.\",\n    \"Add the potatoes and season with salt and pepper.\",\n    \"Cook for 10 minutes, stirring occasionally.\",\n    \"Add the parsley and cook for an additional 5 minutes.\",\n    \"Serve hot.\"\n  ]\n}", "index": 0, "logprobs": null, "finish_reason": "stop"}], "created": 1687685289}');
INSERT INTO public.algapp_statistic (id, file) VALUES (128, '{"id": "cmpl-7VGLJO8yFaYf2CGpz38RBMWRVGfGo", "model": "text-davinci-003", "usage": {"total_tokens": 281, "prompt_tokens": 25, "completion_tokens": 256}, "object": "text_completion", "choices": [{"text": "\n\n{\n  \"name\": \"Fish & Chips\",\n  \"ingredients\": [\n    \"Potatoes\",\n    \"Vegetable Oil\",\n    \"Salt\",\n    \"Flour\",\n    \"Eggs\",\n    \"Breadcrumbs\"\n  ],\n  \"instructions\": [\n    \"Peel and cut the potatoes into chips. Place them in a bowl of cold water and set aside.\",\n    \"Heat the oil in a deep-fryer or large saucepan to 350F.\",\n    \"Drain the potatoes and pat dry with paper towels. Fry the chips in batches for 3 to 5 minutes, or until golden brown.\",\n    \"Remove the chips from the oil and drain on paper towels. Sprinkle with salt.\",\n    \"In a shallow bowl, mix together the flour, eggs, and breadcrumbs.\",\n    \"Dip the fish fillets in the flour mixture, coating both sides. Shake off any excess.\",\n    \"Fry the fish in the hot oil for 3 to 5 minutes, or until golden brown and cooked through.\",\n    \"Drain the fish on paper towels. Serve with the chips.\"\n  ]\n}", "index": 0, "logprobs": null, "finish_reason": "stop"}], "created": 1687685345}');


--
-- TOC entry 3884 (class 0 OID 18189)
-- Dependencies: 221
-- Data for Name: auth_group; Type: TABLE DATA; Schema: public; Owner: postgres
--



--
-- TOC entry 3886 (class 0 OID 18197)
-- Dependencies: 223
-- Data for Name: auth_group_permissions; Type: TABLE DATA; Schema: public; Owner: postgres
--



--
-- TOC entry 3882 (class 0 OID 18183)
-- Dependencies: 219
-- Data for Name: auth_permission; Type: TABLE DATA; Schema: public; Owner: postgres
--

INSERT INTO public.auth_permission (id, name, content_type_id, codename) VALUES (1, 'Can add log entry', 1, 'add_logentry');
INSERT INTO public.auth_permission (id, name, content_type_id, codename) VALUES (2, 'Can change log entry', 1, 'change_logentry');
INSERT INTO public.auth_permission (id, name, content_type_id, codename) VALUES (3, 'Can delete log entry', 1, 'delete_logentry');
INSERT INTO public.auth_permission (id, name, content_type_id, codename) VALUES (4, 'Can view log entry', 1, 'view_logentry');
INSERT INTO public.auth_permission (id, name, content_type_id, codename) VALUES (5, 'Can add permission', 2, 'add_permission');
INSERT INTO public.auth_permission (id, name, content_type_id, codename) VALUES (6, 'Can change permission', 2, 'change_permission');
INSERT INTO public.auth_permission (id, name, content_type_id, codename) VALUES (7, 'Can delete permission', 2, 'delete_permission');
INSERT INTO public.auth_permission (id, name, content_type_id, codename) VALUES (8, 'Can view permission', 2, 'view_permission');
INSERT INTO public.auth_permission (id, name, content_type_id, codename) VALUES (9, 'Can add group', 3, 'add_group');
INSERT INTO public.auth_permission (id, name, content_type_id, codename) VALUES (10, 'Can change group', 3, 'change_group');
INSERT INTO public.auth_permission (id, name, content_type_id, codename) VALUES (11, 'Can delete group', 3, 'delete_group');
INSERT INTO public.auth_permission (id, name, content_type_id, codename) VALUES (12, 'Can view group', 3, 'view_group');
INSERT INTO public.auth_permission (id, name, content_type_id, codename) VALUES (13, 'Can add user', 4, 'add_user');
INSERT INTO public.auth_permission (id, name, content_type_id, codename) VALUES (14, 'Can change user', 4, 'change_user');
INSERT INTO public.auth_permission (id, name, content_type_id, codename) VALUES (15, 'Can delete user', 4, 'delete_user');
INSERT INTO public.auth_permission (id, name, content_type_id, codename) VALUES (16, 'Can view user', 4, 'view_user');
INSERT INTO public.auth_permission (id, name, content_type_id, codename) VALUES (17, 'Can add content type', 5, 'add_contenttype');
INSERT INTO public.auth_permission (id, name, content_type_id, codename) VALUES (18, 'Can change content type', 5, 'change_contenttype');
INSERT INTO public.auth_permission (id, name, content_type_id, codename) VALUES (19, 'Can delete content type', 5, 'delete_contenttype');
INSERT INTO public.auth_permission (id, name, content_type_id, codename) VALUES (20, 'Can view content type', 5, 'view_contenttype');
INSERT INTO public.auth_permission (id, name, content_type_id, codename) VALUES (21, 'Can add session', 6, 'add_session');
INSERT INTO public.auth_permission (id, name, content_type_id, codename) VALUES (22, 'Can change session', 6, 'change_session');
INSERT INTO public.auth_permission (id, name, content_type_id, codename) VALUES (23, 'Can delete session', 6, 'delete_session');
INSERT INTO public.auth_permission (id, name, content_type_id, codename) VALUES (24, 'Can view session', 6, 'view_session');
INSERT INTO public.auth_permission (id, name, content_type_id, codename) VALUES (25, 'Can add customer', 7, 'add_customer');
INSERT INTO public.auth_permission (id, name, content_type_id, codename) VALUES (26, 'Can change customer', 7, 'change_customer');
INSERT INTO public.auth_permission (id, name, content_type_id, codename) VALUES (27, 'Can delete customer', 7, 'delete_customer');
INSERT INTO public.auth_permission (id, name, content_type_id, codename) VALUES (28, 'Can view customer', 7, 'view_customer');
INSERT INTO public.auth_permission (id, name, content_type_id, codename) VALUES (29, 'Can add dishes', 8, 'add_dishes');
INSERT INTO public.auth_permission (id, name, content_type_id, codename) VALUES (30, 'Can change dishes', 8, 'change_dishes');
INSERT INTO public.auth_permission (id, name, content_type_id, codename) VALUES (31, 'Can delete dishes', 8, 'delete_dishes');
INSERT INTO public.auth_permission (id, name, content_type_id, codename) VALUES (32, 'Can view dishes', 8, 'view_dishes');
INSERT INTO public.auth_permission (id, name, content_type_id, codename) VALUES (33, 'Can add restaurant', 9, 'add_restaurant');
INSERT INTO public.auth_permission (id, name, content_type_id, codename) VALUES (34, 'Can change restaurant', 9, 'change_restaurant');
INSERT INTO public.auth_permission (id, name, content_type_id, codename) VALUES (35, 'Can delete restaurant', 9, 'delete_restaurant');
INSERT INTO public.auth_permission (id, name, content_type_id, codename) VALUES (36, 'Can view restaurant', 9, 'view_restaurant');
INSERT INTO public.auth_permission (id, name, content_type_id, codename) VALUES (37, 'Can add menu', 10, 'add_menu');
INSERT INTO public.auth_permission (id, name, content_type_id, codename) VALUES (38, 'Can change menu', 10, 'change_menu');
INSERT INTO public.auth_permission (id, name, content_type_id, codename) VALUES (39, 'Can delete menu', 10, 'delete_menu');
INSERT INTO public.auth_permission (id, name, content_type_id, codename) VALUES (40, 'Can view menu', 10, 'view_menu');
INSERT INTO public.auth_permission (id, name, content_type_id, codename) VALUES (41, 'Can add allergens', 11, 'add_allergens');
INSERT INTO public.auth_permission (id, name, content_type_id, codename) VALUES (42, 'Can change allergens', 11, 'change_allergens');
INSERT INTO public.auth_permission (id, name, content_type_id, codename) VALUES (43, 'Can delete allergens', 11, 'delete_allergens');
INSERT INTO public.auth_permission (id, name, content_type_id, codename) VALUES (44, 'Can view allergens', 11, 'view_allergens');
INSERT INTO public.auth_permission (id, name, content_type_id, codename) VALUES (45, 'Can add user profile', 12, 'add_userprofile');
INSERT INTO public.auth_permission (id, name, content_type_id, codename) VALUES (46, 'Can change user profile', 12, 'change_userprofile');
INSERT INTO public.auth_permission (id, name, content_type_id, codename) VALUES (47, 'Can delete user profile', 12, 'delete_userprofile');
INSERT INTO public.auth_permission (id, name, content_type_id, codename) VALUES (48, 'Can view user profile', 12, 'view_userprofile');
INSERT INTO public.auth_permission (id, name, content_type_id, codename) VALUES (49, 'Can add statistic', 13, 'add_statistic');
INSERT INTO public.auth_permission (id, name, content_type_id, codename) VALUES (50, 'Can change statistic', 13, 'change_statistic');
INSERT INTO public.auth_permission (id, name, content_type_id, codename) VALUES (51, 'Can delete statistic', 13, 'delete_statistic');
INSERT INTO public.auth_permission (id, name, content_type_id, codename) VALUES (52, 'Can view statistic', 13, 'view_statistic');
INSERT INTO public.auth_permission (id, name, content_type_id, codename) VALUES (53, 'Can add uploaded file', 14, 'add_uploadedfile');
INSERT INTO public.auth_permission (id, name, content_type_id, codename) VALUES (54, 'Can change uploaded file', 14, 'change_uploadedfile');
INSERT INTO public.auth_permission (id, name, content_type_id, codename) VALUES (55, 'Can delete uploaded file', 14, 'delete_uploadedfile');
INSERT INTO public.auth_permission (id, name, content_type_id, codename) VALUES (56, 'Can view uploaded file', 14, 'view_uploadedfile');
INSERT INTO public.auth_permission (id, name, content_type_id, codename) VALUES (57, 'Can add Dialog', 15, 'add_dialogsmodel');
INSERT INTO public.auth_permission (id, name, content_type_id, codename) VALUES (58, 'Can change Dialog', 15, 'change_dialogsmodel');
INSERT INTO public.auth_permission (id, name, content_type_id, codename) VALUES (59, 'Can delete Dialog', 15, 'delete_dialogsmodel');
INSERT INTO public.auth_permission (id, name, content_type_id, codename) VALUES (60, 'Can view Dialog', 15, 'view_dialogsmodel');
INSERT INTO public.auth_permission (id, name, content_type_id, codename) VALUES (61, 'Can add Message', 16, 'add_messagemodel');
INSERT INTO public.auth_permission (id, name, content_type_id, codename) VALUES (62, 'Can change Message', 16, 'change_messagemodel');
INSERT INTO public.auth_permission (id, name, content_type_id, codename) VALUES (63, 'Can delete Message', 16, 'delete_messagemodel');
INSERT INTO public.auth_permission (id, name, content_type_id, codename) VALUES (64, 'Can view Message', 16, 'view_messagemodel');
INSERT INTO public.auth_permission (id, name, content_type_id, codename) VALUES (65, 'Can add ingredients', 17, 'add_ingredients');
INSERT INTO public.auth_permission (id, name, content_type_id, codename) VALUES (66, 'Can change ingredients', 17, 'change_ingredients');
INSERT INTO public.auth_permission (id, name, content_type_id, codename) VALUES (67, 'Can delete ingredients', 17, 'delete_ingredients');
INSERT INTO public.auth_permission (id, name, content_type_id, codename) VALUES (68, 'Can view ingredients', 17, 'view_ingredients');
INSERT INTO public.auth_permission (id, name, content_type_id, codename) VALUES (69, 'Can add dishes ing', 18, 'add_dishesing');
INSERT INTO public.auth_permission (id, name, content_type_id, codename) VALUES (70, 'Can change dishes ing', 18, 'change_dishesing');
INSERT INTO public.auth_permission (id, name, content_type_id, codename) VALUES (71, 'Can delete dishes ing', 18, 'delete_dishesing');
INSERT INTO public.auth_permission (id, name, content_type_id, codename) VALUES (72, 'Can view dishes ing', 18, 'view_dishesing');


--
-- TOC entry 3888 (class 0 OID 18203)
-- Dependencies: 225
-- Data for Name: auth_user; Type: TABLE DATA; Schema: public; Owner: postgres
--

INSERT INTO public.auth_user (id, password, last_login, is_superuser, username, first_name, last_name, email, is_staff, is_active, date_joined) VALUES (1, 'pbkdf2_sha256$600000$WEhveWe3FLX46NhTkW4cEt$Ci63nWEdrS9Xi9lV0VxiQkN8bSAzJwzZMUkYB/limdI=', '2023-05-03 00:48:27.768774+03', true, 'sergeiboiko', '', '', '', true, true, '2023-05-03 00:48:17.042274+03');
INSERT INTO public.auth_user (id, password, last_login, is_superuser, username, first_name, last_name, email, is_staff, is_active, date_joined) VALUES (25, 'pbkdf2_sha256$600000$oRXJ8zKAEBGTtmanYGfQ4K$VQdL9AUSel8emGI7AiUa9OKulZJvsmDjgkE0/kQdd8c=', '2023-06-28 14:31:01.327866+03', false, 'sasha3', '', '', '', false, true, '2023-06-28 14:30:49.702154+03');
INSERT INTO public.auth_user (id, password, last_login, is_superuser, username, first_name, last_name, email, is_staff, is_active, date_joined) VALUES (12, 'pbkdf2_sha256$600000$KEENrEG0oQFqVBYYgxosUD$Ddh1bUlhgsdUz89QtMNOH0ALB0DljRd7Inrjj0tNRIo=', '2023-06-25 15:04:07.544512+03', false, 'Artalex', '', '', '', false, true, '2023-06-25 15:01:28.85449+03');
INSERT INTO public.auth_user (id, password, last_login, is_superuser, username, first_name, last_name, email, is_staff, is_active, date_joined) VALUES (13, 'pbkdf2_sha256$600000$HFrCvG3KXur0bEuuRbkzS5$5yZt8oMVxhfN0yHgkMh322GV6GiiLHEehMAjenJtFqc=', '2023-06-25 18:18:34.774989+03', false, 'FirstRest', '', '', '', false, true, '2023-06-25 18:18:24.27856+03');
INSERT INTO public.auth_user (id, password, last_login, is_superuser, username, first_name, last_name, email, is_staff, is_active, date_joined) VALUES (2, 'pbkdf2_sha256$600000$RfjqqfeQlREcav0pUyt9CD$fxil9Exdr5VQQ8i5DdRQGdsCyNV7YoJLZVIU0aJxhGs=', '2023-05-03 01:03:43.7557+03', false, 'Ben', '', '', '', false, true, '2023-05-03 00:50:00.036685+03');
INSERT INTO public.auth_user (id, password, last_login, is_superuser, username, first_name, last_name, email, is_staff, is_active, date_joined) VALUES (14, 'pbkdf2_sha256$600000$RYbEsk3TQB5Sl2sj13GOhV$BduaOsPt4PN/UXIdvxuURkNclJojR4/FVvaPjkFghLs=', '2023-06-25 18:47:02.512565+03', false, 'SecondRest', '', '', '', false, true, '2023-06-25 18:21:14.602803+03');
INSERT INTO public.auth_user (id, password, last_login, is_superuser, username, first_name, last_name, email, is_staff, is_active, date_joined) VALUES (15, 'pbkdf2_sha256$600000$khguVQ56JC1oGikDcl7aqc$mUIksyEqpqAE9wVGToWNXPODUXMoFEu9f/0g9ytS+KM=', '2023-06-26 12:15:52.672465+03', false, 'Artem', '', '', '', false, true, '2023-06-26 12:15:31.530048+03');
INSERT INTO public.auth_user (id, password, last_login, is_superuser, username, first_name, last_name, email, is_staff, is_active, date_joined) VALUES (4, 'pbkdf2_sha256$600000$JTXwk56fIdjjfbMnZDIDCF$J9JC2us53R3LCjvtsfKu+tYC6j+abVZYzRliF9N51fI=', '2023-06-01 14:22:31.985955+03', false, 'SergeiB', '', '', '', false, true, '2023-06-01 14:22:21.61266+03');
INSERT INTO public.auth_user (id, password, last_login, is_superuser, username, first_name, last_name, email, is_staff, is_active, date_joined) VALUES (5, 'pbkdf2_sha256$600000$QcFxAORCv3NzV5mngtaOEK$GBD+p5rWnyXgFpjMdQfJATSgfvTQ+Vs1hFCYmPKvPOA=', '2023-06-01 14:42:12.984522+03', false, 'BSergei', '', '', '', false, true, '2023-06-01 14:34:22.007596+03');
INSERT INTO public.auth_user (id, password, last_login, is_superuser, username, first_name, last_name, email, is_staff, is_active, date_joined) VALUES (16, 'pbkdf2_sha256$600000$ViigVODMued9gG6aWiLwOl$Gs8aoO1+dSQ0+a/AUFRU7B8RLRVDNg75bS/W4cHkYws=', '2023-06-26 13:24:00.419927+03', false, 'Andrey', '', '', '', false, true, '2023-06-26 13:23:49.114542+03');
INSERT INTO public.auth_user (id, password, last_login, is_superuser, username, first_name, last_name, email, is_staff, is_active, date_joined) VALUES (17, 'pbkdf2_sha256$600000$LenhuMxGukyclvuQD6sZhL$YMwuPUOYOLZP+888Xw7Q5ccd4F86pg+z1k86Ci2isdo=', '2023-06-26 13:25:15.985225+03', false, 'Arthur', '', '', '', false, true, '2023-06-26 13:25:06.699795+03');
INSERT INTO public.auth_user (id, password, last_login, is_superuser, username, first_name, last_name, email, is_staff, is_active, date_joined) VALUES (18, 'pbkdf2_sha256$600000$sEOVy7gceM9tdWPx1wXzad$djgxgVabXqbwRICpqd+mS7Hja11U7Vg21BFEWGye/qA=', '2023-06-27 11:33:39.410464+03', false, 'Bobby', '', '', '', false, true, '2023-06-27 11:33:29.863425+03');
INSERT INTO public.auth_user (id, password, last_login, is_superuser, username, first_name, last_name, email, is_staff, is_active, date_joined) VALUES (26, 'pbkdf2_sha256$600000$Ebth29CPfQkcyxkk0uGUdk$bTvVC9J+whuRdnAAQFX1pn2/hAZWnkDEpW57mHjBv5M=', '2023-06-28 14:35:38.949175+03', false, 'aleksandra', '', '', '', false, true, '2023-06-28 14:35:19.008433+03');
INSERT INTO public.auth_user (id, password, last_login, is_superuser, username, first_name, last_name, email, is_staff, is_active, date_joined) VALUES (27, 'pbkdf2_sha256$600000$pEz7EjQS8P0B0VRWVhjQNW$hPHw7vVO8mx6XNRfgdg8QUVlETripNqbjiLih/4eC6E=', '2023-06-28 18:46:39.074376+03', false, 'Alex', '', '', '', false, true, '2023-06-28 18:46:29.890657+03');
INSERT INTO public.auth_user (id, password, last_login, is_superuser, username, first_name, last_name, email, is_staff, is_active, date_joined) VALUES (3, 'pbkdf2_sha256$600000$hEiUvradIsoa7g10ueEIra$JxwBxjVOoChl9czfppa6nFFFlq7EHM5NAYg9zV5M3RA=', '2023-07-02 15:20:30.555955+03', false, 'Sergei', '', '', '', false, true, '2023-06-01 13:43:40.341518+03');
INSERT INTO public.auth_user (id, password, last_login, is_superuser, username, first_name, last_name, email, is_staff, is_active, date_joined) VALUES (7, 'pbkdf2_sha256$600000$80uIOvVKFZOHAiT4m98YJi$Od6ceM92l2d9WGP58yrTIkFZC1kqtjkdpnour+gT/tY=', '2023-06-04 20:22:23.645238+03', false, 'Sergei123', '', '', '', false, true, '2023-06-01 18:41:07.873057+03');
INSERT INTO public.auth_user (id, password, last_login, is_superuser, username, first_name, last_name, email, is_staff, is_active, date_joined) VALUES (8, 'pbkdf2_sha256$600000$2AtgsEZApN8dqR3y6UtjTS$R+tew+B8f68rdGTrrFUs0U7uOjzk2mTbEv3YBK85tAk=', '2023-06-25 10:04:13.002075+03', false, 'Zivuch', '', '', '', false, true, '2023-06-25 10:03:57.381416+03');
INSERT INTO public.auth_user (id, password, last_login, is_superuser, username, first_name, last_name, email, is_staff, is_active, date_joined) VALUES (6, 'pbkdf2_sha256$600000$LHOS4Qi7w3EU5p90l0aXzX$/QjAzolm4v9kVPHhfpkY0tqp53lmXGUGZxkDFp+omVI=', '2023-06-25 10:07:12.022121+03', false, 'Ziv', '', '', '', false, true, '2023-06-01 17:08:43.140817+03');
INSERT INTO public.auth_user (id, password, last_login, is_superuser, username, first_name, last_name, email, is_staff, is_active, date_joined) VALUES (9, 'pbkdf2_sha256$600000$uq34JXVJy8Nk3e5N0ZWSG6$gm8lmY7yFLSISTTC7PO8PRlJD+TOhiCa8tsyIs+iLuQ=', '2023-06-25 10:16:03.308087+03', false, 'Nadav', '', '', '', false, true, '2023-06-25 10:15:53.913769+03');
INSERT INTO public.auth_user (id, password, last_login, is_superuser, username, first_name, last_name, email, is_staff, is_active, date_joined) VALUES (28, 'pbkdf2_sha256$600000$VMM4jSmzPA2sr5ug9voyKw$A68DeD9CCOT2J7ny1WgVJ/dtV7/q+iP/OqRZRoQOZJU=', '2023-06-28 19:03:28.909343+03', false, 'John', '', '', '', false, true, '2023-06-28 19:03:18.114354+03');
INSERT INTO public.auth_user (id, password, last_login, is_superuser, username, first_name, last_name, email, is_staff, is_active, date_joined) VALUES (10, 'pbkdf2_sha256$600000$5Y4DHp4j8o7n0nw4sBXs7I$XBMDPviPUCx+lxNpUZY9wmGseG4/q4mEKuzJAb5Zl5s=', '2023-06-25 10:20:48.14514+03', false, 'Dekel', '', '', '', false, true, '2023-06-25 10:17:33.204475+03');
INSERT INTO public.auth_user (id, password, last_login, is_superuser, username, first_name, last_name, email, is_staff, is_active, date_joined) VALUES (11, 'pbkdf2_sha256$600000$QiijaJIEeCznfG1SvRpuKW$pmlaNf2pCawBgLXax+JPjYUXm1rTenamg9degPxJwgw=', '2023-06-25 10:23:47.77252+03', false, 'Alexey', '', '', '', false, true, '2023-06-25 10:23:40.056589+03');
INSERT INTO public.auth_user (id, password, last_login, is_superuser, username, first_name, last_name, email, is_staff, is_active, date_joined) VALUES (19, 'pbkdf2_sha256$600000$Abh6JZMvVpXmHp9TitdnMm$hUo//3lGOxHWoRqomTMl37dEG8Y1m/K74WgZ3cWK8yQ=', '2023-07-02 16:35:58.187722+03', false, 'Benny', '', '', '', false, true, '2023-06-27 11:46:55.4732+03');
INSERT INTO public.auth_user (id, password, last_login, is_superuser, username, first_name, last_name, email, is_staff, is_active, date_joined) VALUES (20, 'pbkdf2_sha256$600000$uIwx30ISeh27bHVSKejA0P$r3xTC+2H4miDvDJrudNxNEdZpkdCymJs3a989Tft/4g=', '2023-06-28 14:04:23.464881+03', false, 'sasha', '', '', '', false, true, '2023-06-28 14:04:10.549683+03');
INSERT INTO public.auth_user (id, password, last_login, is_superuser, username, first_name, last_name, email, is_staff, is_active, date_joined) VALUES (21, 'pbkdf2_sha256$600000$ZExJCi8HpyCEqAAJWQPLq8$uNRKfssNLwozvOWBRObxQl1ct4IGlru2DWHNeRv3+00=', '2023-06-28 14:09:11.663943+03', false, 'sasha1', '', '', '', false, true, '2023-06-28 14:08:55.872574+03');
INSERT INTO public.auth_user (id, password, last_login, is_superuser, username, first_name, last_name, email, is_staff, is_active, date_joined) VALUES (22, 'pbkdf2_sha256$600000$gRNFpLJb2EVXYVjFdAIfcP$W6Inv6hVJNduhgbCwzX+N8X85YRhCYdQETfn+fbV4b8=', '2023-06-28 14:15:17.810406+03', false, 'Ser', '', '', '', false, true, '2023-06-28 14:15:07.573607+03');
INSERT INTO public.auth_user (id, password, last_login, is_superuser, username, first_name, last_name, email, is_staff, is_active, date_joined) VALUES (23, 'pbkdf2_sha256$600000$YdfNvbtpzhFvn8ZcbfrdCD$rRJMsjTl9q6hhnyU/TTrHiaatJEm6b9yOF8Mhv3c9Gw=', '2023-06-28 14:21:34.814908+03', false, 'sasha2', '', '', '', false, true, '2023-06-28 14:21:19.947425+03');
INSERT INTO public.auth_user (id, password, last_login, is_superuser, username, first_name, last_name, email, is_staff, is_active, date_joined) VALUES (24, 'pbkdf2_sha256$600000$Txpf3LnkdN2vgXNC1yR7QM$KHwqYAWZvVmX698vVqCHGvtWNr1jbh1rPYXF6XG99LQ=', '2023-06-28 14:25:14.321834+03', false, 'Ser2', '', '', '', false, true, '2023-06-28 14:25:05.322242+03');
INSERT INTO public.auth_user (id, password, last_login, is_superuser, username, first_name, last_name, email, is_staff, is_active, date_joined) VALUES (30, 'pbkdf2_sha256$600000$4NfJKzGtBKczUJa763WoNt$2fzRmv7xVn419mDVlLRb1gP0Rz9IMFe5N4wCMADBsto=', '2023-07-02 16:36:43.241655+03', false, 'Johnny', '', '', '', false, true, '2023-07-02 16:36:36.71108+03');
INSERT INTO public.auth_user (id, password, last_login, is_superuser, username, first_name, last_name, email, is_staff, is_active, date_joined) VALUES (29, 'pbkdf2_sha256$600000$br3SlTlxfSA7HFrk9qwyUq$+SkgPhb4giujace0j1R+lXZlZNNcPez+UWOhEvXhvVk=', '2023-06-30 14:27:15.583587+03', false, 'roman', '', '', '', false, true, '2023-06-30 14:27:09.01343+03');


--
-- TOC entry 3890 (class 0 OID 18211)
-- Dependencies: 227
-- Data for Name: auth_user_groups; Type: TABLE DATA; Schema: public; Owner: postgres
--



--
-- TOC entry 3892 (class 0 OID 18217)
-- Dependencies: 229
-- Data for Name: auth_user_user_permissions; Type: TABLE DATA; Schema: public; Owner: postgres
--



--
-- TOC entry 3894 (class 0 OID 18275)
-- Dependencies: 231
-- Data for Name: django_admin_log; Type: TABLE DATA; Schema: public; Owner: postgres
--

INSERT INTO public.django_admin_log (id, action_time, object_id, object_repr, action_flag, change_message, content_type_id, user_id) VALUES (1, '2023-05-03 00:50:00.173466+03', '2', 'Ben', 1, '[{"added": {}}]', 4, 1);
INSERT INTO public.django_admin_log (id, action_time, object_id, object_repr, action_flag, change_message, content_type_id, user_id) VALUES (2, '2023-05-03 00:54:34.380492+03', '1', 'Ben', 1, '[{"added": {}}]', 12, 1);


--
-- TOC entry 3880 (class 0 OID 18175)
-- Dependencies: 217
-- Data for Name: django_content_type; Type: TABLE DATA; Schema: public; Owner: postgres
--

INSERT INTO public.django_content_type (id, app_label, model) VALUES (1, 'admin', 'logentry');
INSERT INTO public.django_content_type (id, app_label, model) VALUES (2, 'auth', 'permission');
INSERT INTO public.django_content_type (id, app_label, model) VALUES (3, 'auth', 'group');
INSERT INTO public.django_content_type (id, app_label, model) VALUES (4, 'auth', 'user');
INSERT INTO public.django_content_type (id, app_label, model) VALUES (5, 'contenttypes', 'contenttype');
INSERT INTO public.django_content_type (id, app_label, model) VALUES (6, 'sessions', 'session');
INSERT INTO public.django_content_type (id, app_label, model) VALUES (7, 'algapp', 'customer');
INSERT INTO public.django_content_type (id, app_label, model) VALUES (8, 'algapp', 'dishes');
INSERT INTO public.django_content_type (id, app_label, model) VALUES (9, 'algapp', 'restaurant');
INSERT INTO public.django_content_type (id, app_label, model) VALUES (10, 'algapp', 'menu');
INSERT INTO public.django_content_type (id, app_label, model) VALUES (11, 'algapp', 'allergens');
INSERT INTO public.django_content_type (id, app_label, model) VALUES (12, 'accounts', 'userprofile');
INSERT INTO public.django_content_type (id, app_label, model) VALUES (13, 'algapp', 'statistic');
INSERT INTO public.django_content_type (id, app_label, model) VALUES (14, 'django_private_chat2', 'uploadedfile');
INSERT INTO public.django_content_type (id, app_label, model) VALUES (15, 'django_private_chat2', 'dialogsmodel');
INSERT INTO public.django_content_type (id, app_label, model) VALUES (16, 'django_private_chat2', 'messagemodel');
INSERT INTO public.django_content_type (id, app_label, model) VALUES (17, 'algapp', 'ingredients');
INSERT INTO public.django_content_type (id, app_label, model) VALUES (18, 'algapp', 'dishesing');


--
-- TOC entry 3878 (class 0 OID 18167)
-- Dependencies: 215
-- Data for Name: django_migrations; Type: TABLE DATA; Schema: public; Owner: postgres
--

INSERT INTO public.django_migrations (id, app, name, applied) VALUES (1, 'contenttypes', '0001_initial', '2023-04-29 11:08:13.88575+03');
INSERT INTO public.django_migrations (id, app, name, applied) VALUES (2, 'auth', '0001_initial', '2023-04-29 11:08:13.906064+03');
INSERT INTO public.django_migrations (id, app, name, applied) VALUES (3, 'admin', '0001_initial', '2023-04-29 11:08:13.911583+03');
INSERT INTO public.django_migrations (id, app, name, applied) VALUES (4, 'admin', '0002_logentry_remove_auto_add', '2023-04-29 11:08:13.914141+03');
INSERT INTO public.django_migrations (id, app, name, applied) VALUES (5, 'admin', '0003_logentry_add_action_flag_choices', '2023-04-29 11:08:13.916603+03');
INSERT INTO public.django_migrations (id, app, name, applied) VALUES (6, 'algapp', '0001_initial', '2023-04-29 11:08:13.920126+03');
INSERT INTO public.django_migrations (id, app, name, applied) VALUES (7, 'contenttypes', '0002_remove_content_type_name', '2023-04-29 11:08:13.924948+03');
INSERT INTO public.django_migrations (id, app, name, applied) VALUES (8, 'auth', '0002_alter_permission_name_max_length', '2023-04-29 11:08:13.927424+03');
INSERT INTO public.django_migrations (id, app, name, applied) VALUES (9, 'auth', '0003_alter_user_email_max_length', '2023-04-29 11:08:13.930001+03');
INSERT INTO public.django_migrations (id, app, name, applied) VALUES (10, 'auth', '0004_alter_user_username_opts', '2023-04-29 11:08:13.932941+03');
INSERT INTO public.django_migrations (id, app, name, applied) VALUES (11, 'auth', '0005_alter_user_last_login_null', '2023-04-29 11:08:13.935203+03');
INSERT INTO public.django_migrations (id, app, name, applied) VALUES (12, 'auth', '0006_require_contenttypes_0002', '2023-04-29 11:08:13.935917+03');
INSERT INTO public.django_migrations (id, app, name, applied) VALUES (13, 'auth', '0007_alter_validators_add_error_messages', '2023-04-29 11:08:13.938043+03');
INSERT INTO public.django_migrations (id, app, name, applied) VALUES (14, 'auth', '0008_alter_user_username_max_length', '2023-04-29 11:08:13.94147+03');
INSERT INTO public.django_migrations (id, app, name, applied) VALUES (15, 'auth', '0009_alter_user_last_name_max_length', '2023-04-29 11:08:13.944072+03');
INSERT INTO public.django_migrations (id, app, name, applied) VALUES (16, 'auth', '0010_alter_group_name_max_length', '2023-04-29 11:08:13.946798+03');
INSERT INTO public.django_migrations (id, app, name, applied) VALUES (17, 'auth', '0011_update_proxy_permissions', '2023-04-29 11:08:13.949152+03');
INSERT INTO public.django_migrations (id, app, name, applied) VALUES (18, 'auth', '0012_alter_user_first_name_max_length', '2023-04-29 11:08:13.951384+03');
INSERT INTO public.django_migrations (id, app, name, applied) VALUES (19, 'sessions', '0001_initial', '2023-04-29 11:08:13.954097+03');
INSERT INTO public.django_migrations (id, app, name, applied) VALUES (20, 'algapp', '0002_dishes', '2023-04-29 13:35:53.823982+03');
INSERT INTO public.django_migrations (id, app, name, applied) VALUES (21, 'algapp', '0003_restaurant', '2023-04-29 17:38:14.467364+03');
INSERT INTO public.django_migrations (id, app, name, applied) VALUES (22, 'algapp', '0004_remove_restaurant_menu_menu', '2023-04-29 18:43:53.558122+03');
INSERT INTO public.django_migrations (id, app, name, applied) VALUES (23, 'algapp', '0005_alter_restaurant_name', '2023-04-29 19:46:23.830271+03');
INSERT INTO public.django_migrations (id, app, name, applied) VALUES (24, 'algapp', '0006_allergens', '2023-04-30 07:55:38.267414+03');
INSERT INTO public.django_migrations (id, app, name, applied) VALUES (25, 'algapp', '0007_alter_customer_allergens', '2023-04-30 08:02:08.067143+03');
INSERT INTO public.django_migrations (id, app, name, applied) VALUES (26, 'algapp', '0008_alter_menu_dish_id_alter_menu_restaurant_id', '2023-04-30 09:19:59.43364+03');
INSERT INTO public.django_migrations (id, app, name, applied) VALUES (27, 'algapp', '0009_remove_customer_allergens_customer_allergens', '2023-04-30 09:36:33.502343+03');
INSERT INTO public.django_migrations (id, app, name, applied) VALUES (28, 'accounts', '0001_initial', '2023-05-03 00:54:17.440063+03');
INSERT INTO public.django_migrations (id, app, name, applied) VALUES (29, 'algapp', '0010_alter_menu_dish_id_alter_menu_restaurant_id', '2023-05-03 00:54:17.443831+03');
INSERT INTO public.django_migrations (id, app, name, applied) VALUES (30, 'algapp', '0011_customer_user', '2023-06-01 14:19:44.588974+03');
INSERT INTO public.django_migrations (id, app, name, applied) VALUES (31, 'algapp', '0012_alter_customer_user', '2023-06-01 16:04:34.741108+03');
INSERT INTO public.django_migrations (id, app, name, applied) VALUES (32, 'algapp', '0013_statistic', '2023-06-03 18:21:34.186082+03');
INSERT INTO public.django_migrations (id, app, name, applied) VALUES (33, 'algapp', '0014_restaurant_user', '2023-06-25 18:15:40.793442+03');
INSERT INTO public.django_migrations (id, app, name, applied) VALUES (34, 'django_private_chat2', '0001_initial', '2023-06-26 14:27:04.653928+03');
INSERT INTO public.django_migrations (id, app, name, applied) VALUES (35, 'django_private_chat2', '0002_auto_20210329_2217', '2023-06-26 14:27:04.680319+03');
INSERT INTO public.django_migrations (id, app, name, applied) VALUES (36, 'algapp', '0015_rename_dish_dishes_dish_main_ings_and_more', '2023-06-27 11:11:28.743269+03');
INSERT INTO public.django_migrations (id, app, name, applied) VALUES (37, 'algapp', '0016_alter_dishes_dish_var_ings', '2023-06-27 11:11:28.753725+03');
INSERT INTO public.django_migrations (id, app, name, applied) VALUES (38, 'algapp', '0017_ingredients', '2023-06-27 13:40:32.83871+03');
INSERT INTO public.django_migrations (id, app, name, applied) VALUES (39, 'algapp', '0018_dishesing', '2023-06-27 14:33:07.723903+03');
INSERT INTO public.django_migrations (id, app, name, applied) VALUES (40, 'algapp', '0019_alter_menu_dish_id', '2023-06-27 18:01:58.445275+03');
INSERT INTO public.django_migrations (id, app, name, applied) VALUES (41, 'algapp', '0020_alter_customer_allergens', '2023-06-27 22:48:57.160579+03');
INSERT INTO public.django_migrations (id, app, name, applied) VALUES (42, 'algapp', '0021_delete_allergens_delete_dishes', '2023-06-28 17:43:47.964506+03');
INSERT INTO public.django_migrations (id, app, name, applied) VALUES (43, 'algapp', '0022_alter_dishesing_dish_var_ingredients', '2023-07-02 12:56:21.183386+03');
INSERT INTO public.django_migrations (id, app, name, applied) VALUES (44, 'algapp', '0023_alter_dishesing_dish_var_ingredients', '2023-07-02 16:08:49.070453+03');


--
-- TOC entry 3915 (class 0 OID 19764)
-- Dependencies: 252
-- Data for Name: django_private_chat2_dialogsmodel; Type: TABLE DATA; Schema: public; Owner: postgres
--



--
-- TOC entry 3913 (class 0 OID 19756)
-- Dependencies: 250
-- Data for Name: django_private_chat2_messagemodel; Type: TABLE DATA; Schema: public; Owner: postgres
--



--
-- TOC entry 3916 (class 0 OID 19797)
-- Dependencies: 253
-- Data for Name: django_private_chat2_uploadedfile; Type: TABLE DATA; Schema: public; Owner: postgres
--



--
-- TOC entry 3897 (class 0 OID 18315)
-- Dependencies: 234
-- Data for Name: django_session; Type: TABLE DATA; Schema: public; Owner: postgres
--

INSERT INTO public.django_session (session_key, session_data, expire_date) VALUES ('tffyoi4hownnmc7nfg1kdwxul8rn8x6k', '.eJxVjDsOwjAQBe_iGln-LjYlPWewdr0ODiBHipMKcXcSKQW0M_PeWyRcl5rWXuY0srgII06_jDA_S9sFP7DdJ5mntswjyT2Rh-3yNnF5XY_276Bir9uaOHr2pIwzNpSiwgA6ekV2cBltyMCILji7gQAWgHWhbMgbDQHimcXnC-FqN6g:1pty63:Vdqo82jzMG1MAXTP9V7r5OMO6XtgN8hd4XiFwKS1W9g', '2023-05-17 01:03:43.759652+03');
INSERT INTO public.django_session (session_key, session_data, expire_date) VALUES ('jedjknq22pwx8tkrdskonp5hfngpusqb', '.eJxVjEEOwiAQRe_C2hAGaKEu3XsGMjCDVA0kpV0Z765NutDtf-_9lwi4rSVsnZcwkzgLI06_W8T04LoDumO9NZlaXZc5yl2RB-3y2oifl8P9OyjYy7dWBIBqIA3ovI0-JTflOGbNpJQBZ4GZPNhstHZJT5kIcEQeLFlyGsX7A-LvOB0:1qFvRQ:V6HwSqe-02ZuLEvvevS2XLdncuwnpG8o0O0npSUXYlg', '2023-07-16 14:40:32.734786+03');
INSERT INTO public.django_session (session_key, session_data, expire_date) VALUES ('1q7h51i6usoryacolwfdfvwkbvg5t87i', '.eJxVjDEOwjAMRe-SGUVOmhrCyM4ZIjt2SAG1UtNOiLtDpQ6w_vfef5lE61LT2nROg5iz6cAcfkem_NBxI3Kn8TbZPI3LPLDdFLvTZq-T6POyu38HlVr91kWKuNAxAiASxRKkAypeYzwKoEeOGtghCBbODnxwfZ-z-lNRcZHN-wMX-DiI:1qFxFr:2esLPD3S2_VLquPZaPbRniQWqK62NFipWt2kBl-T2kk', '2023-07-16 16:36:43.2495+03');
INSERT INTO public.django_session (session_key, session_data, expire_date) VALUES ('2u3re5w8infs95cw375r573wgah9170j', '.eJxVjMsOwiAQRf-FtSEUebp0328gwwxI1UBS2pXx35WkC93ec859sQD7VsLe0xoWYhdm2el3i4CPVAegO9Rb49jqti6RD4UftPO5UXpeD_fvoEAvo6Zs0GayShOhFggSJ6PAIYDJyoMWyUfpzESGpDrrry-jtN4qmbwT7P0BE_44Qg:1q5nDi:J9si4pePqD9RxYL72r5YhgVNfj6FHn2XTqHZ0idWrBM', '2023-06-18 15:52:30.881554+03');
INSERT INTO public.django_session (session_key, session_data, expire_date) VALUES ('r2zphufwzk68fvbeqmw2jy35re05xel8', '.eJxVjMsOwiAQRf-FtSEUebp0328gwwxI1UBS2pXx35WkC93ec859sQD7VsLe0xoWYhdm2el3i4CPVAegO9Rb49jqti6RD4UftPO5UXpeD_fvoEAvo6Zs0GayShOhFggSJ6PAIYDJyoMWyUfpzESGpDrrry-jtN4qmbwT7P0BE_44Qg:1q5rQt:zXCBWIdSmwn8xf8BeQ3BTS8iUrBDpoaQlHDUkHcBFB8', '2023-06-18 20:22:23.647663+03');


--
-- TOC entry 3931 (class 0 OID 0)
-- Dependencies: 245
-- Name: accounts_userprofile_id_seq; Type: SEQUENCE SET; Schema: public; Owner: postgres
--

SELECT pg_catalog.setval('public.accounts_userprofile_id_seq', 1, true);


--
-- TOC entry 3932 (class 0 OID 0)
-- Dependencies: 243
-- Name: algapp_customer_allergens_id_seq; Type: SEQUENCE SET; Schema: public; Owner: postgres
--

SELECT pg_catalog.setval('public.algapp_customer_allergens_id_seq', 293, true);


--
-- TOC entry 3933 (class 0 OID 0)
-- Dependencies: 232
-- Name: algapp_customer_id_seq; Type: SEQUENCE SET; Schema: public; Owner: postgres
--

SELECT pg_catalog.setval('public.algapp_customer_id_seq', 80, true);


--
-- TOC entry 3934 (class 0 OID 0)
-- Dependencies: 258
-- Name: algapp_dishesing_dish_main_ingredients_id_seq; Type: SEQUENCE SET; Schema: public; Owner: postgres
--

SELECT pg_catalog.setval('public.algapp_dishesing_dish_main_ingredients_id_seq', 148, true);


--
-- TOC entry 3935 (class 0 OID 0)
-- Dependencies: 260
-- Name: algapp_dishesing_dish_var_ingredients_id_seq; Type: SEQUENCE SET; Schema: public; Owner: postgres
--

SELECT pg_catalog.setval('public.algapp_dishesing_dish_var_ingredients_id_seq', 110, true);


--
-- TOC entry 3936 (class 0 OID 0)
-- Dependencies: 256
-- Name: algapp_dishesing_id_seq; Type: SEQUENCE SET; Schema: public; Owner: postgres
--

SELECT pg_catalog.setval('public.algapp_dishesing_id_seq', 65, true);


--
-- TOC entry 3937 (class 0 OID 0)
-- Dependencies: 254
-- Name: algapp_ingredients_id_seq; Type: SEQUENCE SET; Schema: public; Owner: postgres
--

SELECT pg_catalog.setval('public.algapp_ingredients_id_seq', 165, true);


--
-- TOC entry 3938 (class 0 OID 0)
-- Dependencies: 239
-- Name: algapp_menu_dish_id_id_seq; Type: SEQUENCE SET; Schema: public; Owner: postgres
--

SELECT pg_catalog.setval('public.algapp_menu_dish_id_id_seq', 462, true);


--
-- TOC entry 3939 (class 0 OID 0)
-- Dependencies: 237
-- Name: algapp_menu_id_seq; Type: SEQUENCE SET; Schema: public; Owner: postgres
--

SELECT pg_catalog.setval('public.algapp_menu_id_seq', 418, true);


--
-- TOC entry 3940 (class 0 OID 0)
-- Dependencies: 241
-- Name: algapp_menu_restaurant_id_id_seq; Type: SEQUENCE SET; Schema: public; Owner: postgres
--

SELECT pg_catalog.setval('public.algapp_menu_restaurant_id_id_seq', 418, true);


--
-- TOC entry 3941 (class 0 OID 0)
-- Dependencies: 235
-- Name: algapp_restaurant_id_seq; Type: SEQUENCE SET; Schema: public; Owner: postgres
--

SELECT pg_catalog.setval('public.algapp_restaurant_id_seq', 56, true);


--
-- TOC entry 3942 (class 0 OID 0)
-- Dependencies: 247
-- Name: algapp_statistic_id_seq; Type: SEQUENCE SET; Schema: public; Owner: postgres
--

SELECT pg_catalog.setval('public.algapp_statistic_id_seq', 128, true);


--
-- TOC entry 3943 (class 0 OID 0)
-- Dependencies: 220
-- Name: auth_group_id_seq; Type: SEQUENCE SET; Schema: public; Owner: postgres
--

SELECT pg_catalog.setval('public.auth_group_id_seq', 1, false);


--
-- TOC entry 3944 (class 0 OID 0)
-- Dependencies: 222
-- Name: auth_group_permissions_id_seq; Type: SEQUENCE SET; Schema: public; Owner: postgres
--

SELECT pg_catalog.setval('public.auth_group_permissions_id_seq', 1, false);


--
-- TOC entry 3945 (class 0 OID 0)
-- Dependencies: 218
-- Name: auth_permission_id_seq; Type: SEQUENCE SET; Schema: public; Owner: postgres
--

SELECT pg_catalog.setval('public.auth_permission_id_seq', 72, true);


--
-- TOC entry 3946 (class 0 OID 0)
-- Dependencies: 226
-- Name: auth_user_groups_id_seq; Type: SEQUENCE SET; Schema: public; Owner: postgres
--

SELECT pg_catalog.setval('public.auth_user_groups_id_seq', 1, false);


--
-- TOC entry 3947 (class 0 OID 0)
-- Dependencies: 224
-- Name: auth_user_id_seq; Type: SEQUENCE SET; Schema: public; Owner: postgres
--

SELECT pg_catalog.setval('public.auth_user_id_seq', 30, true);


--
-- TOC entry 3948 (class 0 OID 0)
-- Dependencies: 228
-- Name: auth_user_user_permissions_id_seq; Type: SEQUENCE SET; Schema: public; Owner: postgres
--

SELECT pg_catalog.setval('public.auth_user_user_permissions_id_seq', 1, false);


--
-- TOC entry 3949 (class 0 OID 0)
-- Dependencies: 230
-- Name: django_admin_log_id_seq; Type: SEQUENCE SET; Schema: public; Owner: postgres
--

SELECT pg_catalog.setval('public.django_admin_log_id_seq', 2, true);


--
-- TOC entry 3950 (class 0 OID 0)
-- Dependencies: 216
-- Name: django_content_type_id_seq; Type: SEQUENCE SET; Schema: public; Owner: postgres
--

SELECT pg_catalog.setval('public.django_content_type_id_seq', 18, true);


--
-- TOC entry 3951 (class 0 OID 0)
-- Dependencies: 214
-- Name: django_migrations_id_seq; Type: SEQUENCE SET; Schema: public; Owner: postgres
--

SELECT pg_catalog.setval('public.django_migrations_id_seq', 44, true);


--
-- TOC entry 3952 (class 0 OID 0)
-- Dependencies: 251
-- Name: django_private_chat2_dialogsmodel_id_seq; Type: SEQUENCE SET; Schema: public; Owner: postgres
--

SELECT pg_catalog.setval('public.django_private_chat2_dialogsmodel_id_seq', 1, false);


--
-- TOC entry 3953 (class 0 OID 0)
-- Dependencies: 249
-- Name: django_private_chat2_messagemodel_id_seq; Type: SEQUENCE SET; Schema: public; Owner: postgres
--

SELECT pg_catalog.setval('public.django_private_chat2_messagemodel_id_seq', 1, false);


--
-- TOC entry 3665 (class 2606 OID 18434)
-- Name: accounts_userprofile accounts_userprofile_pkey; Type: CONSTRAINT; Schema: public; Owner: postgres
--

ALTER TABLE ONLY public.accounts_userprofile
    ADD CONSTRAINT accounts_userprofile_pkey PRIMARY KEY (id);


--
-- TOC entry 3667 (class 2606 OID 18436)
-- Name: accounts_userprofile accounts_userprofile_user_id_key; Type: CONSTRAINT; Schema: public; Owner: postgres
--

ALTER TABLE ONLY public.accounts_userprofile
    ADD CONSTRAINT accounts_userprofile_user_id_key UNIQUE (user_id);


--
-- TOC entry 3659 (class 2606 OID 18416)
-- Name: algapp_customer_allergens algapp_customer_allergen_customer_id_allergens_id_7454e9e8_uniq; Type: CONSTRAINT; Schema: public; Owner: postgres
--

ALTER TABLE ONLY public.algapp_customer_allergens
    ADD CONSTRAINT algapp_customer_allergen_customer_id_allergens_id_7454e9e8_uniq UNIQUE (customer_id, ingredients_id);


--
-- TOC entry 3663 (class 2606 OID 18414)
-- Name: algapp_customer_allergens algapp_customer_allergens_pkey; Type: CONSTRAINT; Schema: public; Owner: postgres
--

ALTER TABLE ONLY public.algapp_customer_allergens
    ADD CONSTRAINT algapp_customer_allergens_pkey PRIMARY KEY (id);


--
-- TOC entry 3628 (class 2606 OID 18302)
-- Name: algapp_customer algapp_customer_pkey; Type: CONSTRAINT; Schema: public; Owner: postgres
--

ALTER TABLE ONLY public.algapp_customer
    ADD CONSTRAINT algapp_customer_pkey PRIMARY KEY (id);


--
-- TOC entry 3630 (class 2606 OID 19732)
-- Name: algapp_customer algapp_customer_user_id_0d4d49d6_uniq; Type: CONSTRAINT; Schema: public; Owner: postgres
--

ALTER TABLE ONLY public.algapp_customer
    ADD CONSTRAINT algapp_customer_user_id_0d4d49d6_uniq UNIQUE (user_id);


--
-- TOC entry 3696 (class 2606 OID 19852)
-- Name: algapp_dishesing_dish_main_ingredients algapp_dishesing_dish_ma_dishesing_id_ingredients_b2fbbbfc_uniq; Type: CONSTRAINT; Schema: public; Owner: postgres
--

ALTER TABLE ONLY public.algapp_dishesing_dish_main_ingredients
    ADD CONSTRAINT algapp_dishesing_dish_ma_dishesing_id_ingredients_b2fbbbfc_uniq UNIQUE (dishesing_id, ingredients_id);


--
-- TOC entry 3700 (class 2606 OID 19842)
-- Name: algapp_dishesing_dish_main_ingredients algapp_dishesing_dish_main_ingredients_pkey; Type: CONSTRAINT; Schema: public; Owner: postgres
--

ALTER TABLE ONLY public.algapp_dishesing_dish_main_ingredients
    ADD CONSTRAINT algapp_dishesing_dish_main_ingredients_pkey PRIMARY KEY (id);


--
-- TOC entry 3702 (class 2606 OID 19866)
-- Name: algapp_dishesing_dish_var_ingredients algapp_dishesing_dish_va_dishesing_id_ingredients_272ba84d_uniq; Type: CONSTRAINT; Schema: public; Owner: postgres
--

ALTER TABLE ONLY public.algapp_dishesing_dish_var_ingredients
    ADD CONSTRAINT algapp_dishesing_dish_va_dishesing_id_ingredients_272ba84d_uniq UNIQUE (dishesing_id, ingredients_id);


--
-- TOC entry 3706 (class 2606 OID 19848)
-- Name: algapp_dishesing_dish_var_ingredients algapp_dishesing_dish_var_ingredients_pkey; Type: CONSTRAINT; Schema: public; Owner: postgres
--

ALTER TABLE ONLY public.algapp_dishesing_dish_var_ingredients
    ADD CONSTRAINT algapp_dishesing_dish_var_ingredients_pkey PRIMARY KEY (id);


--
-- TOC entry 3694 (class 2606 OID 19836)
-- Name: algapp_dishesing algapp_dishesing_pkey; Type: CONSTRAINT; Schema: public; Owner: postgres
--

ALTER TABLE ONLY public.algapp_dishesing
    ADD CONSTRAINT algapp_dishesing_pkey PRIMARY KEY (id);


--
-- TOC entry 3688 (class 2606 OID 19829)
-- Name: algapp_ingredients algapp_ingredients_name_key; Type: CONSTRAINT; Schema: public; Owner: postgres
--

ALTER TABLE ONLY public.algapp_ingredients
    ADD CONSTRAINT algapp_ingredients_name_key UNIQUE (name);


--
-- TOC entry 3690 (class 2606 OID 19827)
-- Name: algapp_ingredients algapp_ingredients_pkey; Type: CONSTRAINT; Schema: public; Owner: postgres
--

ALTER TABLE ONLY public.algapp_ingredients
    ADD CONSTRAINT algapp_ingredients_pkey PRIMARY KEY (id);


--
-- TOC entry 3649 (class 2606 OID 18370)
-- Name: algapp_menu_dish_id algapp_menu_dish_id_menu_id_dishes_id_cb964022_uniq; Type: CONSTRAINT; Schema: public; Owner: postgres
--

ALTER TABLE ONLY public.algapp_menu_dish_id
    ADD CONSTRAINT algapp_menu_dish_id_menu_id_dishes_id_cb964022_uniq UNIQUE (menu_id, dishesing_id);


--
-- TOC entry 3651 (class 2606 OID 18362)
-- Name: algapp_menu_dish_id algapp_menu_dish_id_pkey; Type: CONSTRAINT; Schema: public; Owner: postgres
--

ALTER TABLE ONLY public.algapp_menu_dish_id
    ADD CONSTRAINT algapp_menu_dish_id_pkey PRIMARY KEY (id);


--
-- TOC entry 3645 (class 2606 OID 18356)
-- Name: algapp_menu algapp_menu_pkey; Type: CONSTRAINT; Schema: public; Owner: postgres
--

ALTER TABLE ONLY public.algapp_menu
    ADD CONSTRAINT algapp_menu_pkey PRIMARY KEY (id);


--
-- TOC entry 3654 (class 2606 OID 18384)
-- Name: algapp_menu_restaurant_id algapp_menu_restaurant_id_menu_id_restaurant_id_544cff20_uniq; Type: CONSTRAINT; Schema: public; Owner: postgres
--

ALTER TABLE ONLY public.algapp_menu_restaurant_id
    ADD CONSTRAINT algapp_menu_restaurant_id_menu_id_restaurant_id_544cff20_uniq UNIQUE (menu_id, restaurant_id);


--
-- TOC entry 3656 (class 2606 OID 18368)
-- Name: algapp_menu_restaurant_id algapp_menu_restaurant_id_pkey; Type: CONSTRAINT; Schema: public; Owner: postgres
--

ALTER TABLE ONLY public.algapp_menu_restaurant_id
    ADD CONSTRAINT algapp_menu_restaurant_id_pkey PRIMARY KEY (id);


--
-- TOC entry 3639 (class 2606 OID 18398)
-- Name: algapp_restaurant algapp_restaurant_name_b0190214_uniq; Type: CONSTRAINT; Schema: public; Owner: postgres
--

ALTER TABLE ONLY public.algapp_restaurant
    ADD CONSTRAINT algapp_restaurant_name_b0190214_uniq UNIQUE (name);


--
-- TOC entry 3641 (class 2606 OID 18339)
-- Name: algapp_restaurant algapp_restaurant_pkey; Type: CONSTRAINT; Schema: public; Owner: postgres
--

ALTER TABLE ONLY public.algapp_restaurant
    ADD CONSTRAINT algapp_restaurant_pkey PRIMARY KEY (id);


--
-- TOC entry 3643 (class 2606 OID 19749)
-- Name: algapp_restaurant algapp_restaurant_user_id_key; Type: CONSTRAINT; Schema: public; Owner: postgres
--

ALTER TABLE ONLY public.algapp_restaurant
    ADD CONSTRAINT algapp_restaurant_user_id_key UNIQUE (user_id);


--
-- TOC entry 3669 (class 2606 OID 19745)
-- Name: algapp_statistic algapp_statistic_pkey; Type: CONSTRAINT; Schema: public; Owner: postgres
--

ALTER TABLE ONLY public.algapp_statistic
    ADD CONSTRAINT algapp_statistic_pkey PRIMARY KEY (id);


--
-- TOC entry 3593 (class 2606 OID 18313)
-- Name: auth_group auth_group_name_key; Type: CONSTRAINT; Schema: public; Owner: postgres
--

ALTER TABLE ONLY public.auth_group
    ADD CONSTRAINT auth_group_name_key UNIQUE (name);


--
-- TOC entry 3598 (class 2606 OID 18232)
-- Name: auth_group_permissions auth_group_permissions_group_id_permission_id_0cd325b0_uniq; Type: CONSTRAINT; Schema: public; Owner: postgres
--

ALTER TABLE ONLY public.auth_group_permissions
    ADD CONSTRAINT auth_group_permissions_group_id_permission_id_0cd325b0_uniq UNIQUE (group_id, permission_id);


--
-- TOC entry 3601 (class 2606 OID 18201)
-- Name: auth_group_permissions auth_group_permissions_pkey; Type: CONSTRAINT; Schema: public; Owner: postgres
--

ALTER TABLE ONLY public.auth_group_permissions
    ADD CONSTRAINT auth_group_permissions_pkey PRIMARY KEY (id);


--
-- TOC entry 3595 (class 2606 OID 18193)
-- Name: auth_group auth_group_pkey; Type: CONSTRAINT; Schema: public; Owner: postgres
--

ALTER TABLE ONLY public.auth_group
    ADD CONSTRAINT auth_group_pkey PRIMARY KEY (id);


--
-- TOC entry 3588 (class 2606 OID 18223)
-- Name: auth_permission auth_permission_content_type_id_codename_01ab375a_uniq; Type: CONSTRAINT; Schema: public; Owner: postgres
--

ALTER TABLE ONLY public.auth_permission
    ADD CONSTRAINT auth_permission_content_type_id_codename_01ab375a_uniq UNIQUE (content_type_id, codename);


--
-- TOC entry 3590 (class 2606 OID 18187)
-- Name: auth_permission auth_permission_pkey; Type: CONSTRAINT; Schema: public; Owner: postgres
--

ALTER TABLE ONLY public.auth_permission
    ADD CONSTRAINT auth_permission_pkey PRIMARY KEY (id);


--
-- TOC entry 3609 (class 2606 OID 18215)
-- Name: auth_user_groups auth_user_groups_pkey; Type: CONSTRAINT; Schema: public; Owner: postgres
--

ALTER TABLE ONLY public.auth_user_groups
    ADD CONSTRAINT auth_user_groups_pkey PRIMARY KEY (id);


--
-- TOC entry 3612 (class 2606 OID 18247)
-- Name: auth_user_groups auth_user_groups_user_id_group_id_94350c0c_uniq; Type: CONSTRAINT; Schema: public; Owner: postgres
--

ALTER TABLE ONLY public.auth_user_groups
    ADD CONSTRAINT auth_user_groups_user_id_group_id_94350c0c_uniq UNIQUE (user_id, group_id);


--
-- TOC entry 3603 (class 2606 OID 18207)
-- Name: auth_user auth_user_pkey; Type: CONSTRAINT; Schema: public; Owner: postgres
--

ALTER TABLE ONLY public.auth_user
    ADD CONSTRAINT auth_user_pkey PRIMARY KEY (id);


--
-- TOC entry 3615 (class 2606 OID 18221)
-- Name: auth_user_user_permissions auth_user_user_permissions_pkey; Type: CONSTRAINT; Schema: public; Owner: postgres
--

ALTER TABLE ONLY public.auth_user_user_permissions
    ADD CONSTRAINT auth_user_user_permissions_pkey PRIMARY KEY (id);


--
-- TOC entry 3618 (class 2606 OID 18261)
-- Name: auth_user_user_permissions auth_user_user_permissions_user_id_permission_id_14a6b632_uniq; Type: CONSTRAINT; Schema: public; Owner: postgres
--

ALTER TABLE ONLY public.auth_user_user_permissions
    ADD CONSTRAINT auth_user_user_permissions_user_id_permission_id_14a6b632_uniq UNIQUE (user_id, permission_id);


--
-- TOC entry 3606 (class 2606 OID 18308)
-- Name: auth_user auth_user_username_key; Type: CONSTRAINT; Schema: public; Owner: postgres
--

ALTER TABLE ONLY public.auth_user
    ADD CONSTRAINT auth_user_username_key UNIQUE (username);


--
-- TOC entry 3621 (class 2606 OID 18282)
-- Name: django_admin_log django_admin_log_pkey; Type: CONSTRAINT; Schema: public; Owner: postgres
--

ALTER TABLE ONLY public.django_admin_log
    ADD CONSTRAINT django_admin_log_pkey PRIMARY KEY (id);


--
-- TOC entry 3583 (class 2606 OID 18181)
-- Name: django_content_type django_content_type_app_label_model_76bd3d3b_uniq; Type: CONSTRAINT; Schema: public; Owner: postgres
--

ALTER TABLE ONLY public.django_content_type
    ADD CONSTRAINT django_content_type_app_label_model_76bd3d3b_uniq UNIQUE (app_label, model);


--
-- TOC entry 3585 (class 2606 OID 18179)
-- Name: django_content_type django_content_type_pkey; Type: CONSTRAINT; Schema: public; Owner: postgres
--

ALTER TABLE ONLY public.django_content_type
    ADD CONSTRAINT django_content_type_pkey PRIMARY KEY (id);


--
-- TOC entry 3581 (class 2606 OID 18173)
-- Name: django_migrations django_migrations_pkey; Type: CONSTRAINT; Schema: public; Owner: postgres
--

ALTER TABLE ONLY public.django_migrations
    ADD CONSTRAINT django_migrations_pkey PRIMARY KEY (id);


--
-- TOC entry 3676 (class 2606 OID 19782)
-- Name: django_private_chat2_dialogsmodel django_private_chat2_dia_user1_id_user2_id_e03ea1c6_uniq; Type: CONSTRAINT; Schema: public; Owner: postgres
--

ALTER TABLE ONLY public.django_private_chat2_dialogsmodel
    ADD CONSTRAINT django_private_chat2_dia_user1_id_user2_id_e03ea1c6_uniq UNIQUE (user1_id, user2_id);


--
-- TOC entry 3678 (class 2606 OID 19784)
-- Name: django_private_chat2_dialogsmodel django_private_chat2_dia_user2_id_user1_id_844ec043_uniq; Type: CONSTRAINT; Schema: public; Owner: postgres
--

ALTER TABLE ONLY public.django_private_chat2_dialogsmodel
    ADD CONSTRAINT django_private_chat2_dia_user2_id_user1_id_844ec043_uniq UNIQUE (user2_id, user1_id);


--
-- TOC entry 3680 (class 2606 OID 19768)
-- Name: django_private_chat2_dialogsmodel django_private_chat2_dialogsmodel_pkey; Type: CONSTRAINT; Schema: public; Owner: postgres
--

ALTER TABLE ONLY public.django_private_chat2_dialogsmodel
    ADD CONSTRAINT django_private_chat2_dialogsmodel_pkey PRIMARY KEY (id);


--
-- TOC entry 3672 (class 2606 OID 19762)
-- Name: django_private_chat2_messagemodel django_private_chat2_messagemodel_pkey; Type: CONSTRAINT; Schema: public; Owner: postgres
--

ALTER TABLE ONLY public.django_private_chat2_messagemodel
    ADD CONSTRAINT django_private_chat2_messagemodel_pkey PRIMARY KEY (id);


--
-- TOC entry 3684 (class 2606 OID 19801)
-- Name: django_private_chat2_uploadedfile django_private_chat2_uploadedfile_pkey; Type: CONSTRAINT; Schema: public; Owner: postgres
--

ALTER TABLE ONLY public.django_private_chat2_uploadedfile
    ADD CONSTRAINT django_private_chat2_uploadedfile_pkey PRIMARY KEY (id);


--
-- TOC entry 3633 (class 2606 OID 18321)
-- Name: django_session django_session_pkey; Type: CONSTRAINT; Schema: public; Owner: postgres
--

ALTER TABLE ONLY public.django_session
    ADD CONSTRAINT django_session_pkey PRIMARY KEY (session_key);


--
-- TOC entry 3660 (class 1259 OID 18428)
-- Name: algapp_customer_allergens_allergens_id_89f77203; Type: INDEX; Schema: public; Owner: postgres
--

CREATE INDEX algapp_customer_allergens_allergens_id_89f77203 ON public.algapp_customer_allergens USING btree (ingredients_id);


--
-- TOC entry 3661 (class 1259 OID 18427)
-- Name: algapp_customer_allergens_customer_id_75386c0e; Type: INDEX; Schema: public; Owner: postgres
--

CREATE INDEX algapp_customer_allergens_customer_id_75386c0e ON public.algapp_customer_allergens USING btree (customer_id);


--
-- TOC entry 3623 (class 1259 OID 18303)
-- Name: algapp_customer_first_name_6a367c61; Type: INDEX; Schema: public; Owner: postgres
--

CREATE INDEX algapp_customer_first_name_6a367c61 ON public.algapp_customer USING btree (first_name);


--
-- TOC entry 3624 (class 1259 OID 18304)
-- Name: algapp_customer_first_name_6a367c61_like; Type: INDEX; Schema: public; Owner: postgres
--

CREATE INDEX algapp_customer_first_name_6a367c61_like ON public.algapp_customer USING btree (first_name varchar_pattern_ops);


--
-- TOC entry 3625 (class 1259 OID 18305)
-- Name: algapp_customer_last_name_18dbb7e6; Type: INDEX; Schema: public; Owner: postgres
--

CREATE INDEX algapp_customer_last_name_18dbb7e6 ON public.algapp_customer USING btree (last_name);


--
-- TOC entry 3626 (class 1259 OID 18306)
-- Name: algapp_customer_last_name_18dbb7e6_like; Type: INDEX; Schema: public; Owner: postgres
--

CREATE INDEX algapp_customer_last_name_18dbb7e6_like ON public.algapp_customer USING btree (last_name varchar_pattern_ops);


--
-- TOC entry 3697 (class 1259 OID 19863)
-- Name: algapp_dishesing_dish_main_ingredients_dishesing_id_945602dd; Type: INDEX; Schema: public; Owner: postgres
--

CREATE INDEX algapp_dishesing_dish_main_ingredients_dishesing_id_945602dd ON public.algapp_dishesing_dish_main_ingredients USING btree (dishesing_id);


--
-- TOC entry 3698 (class 1259 OID 19864)
-- Name: algapp_dishesing_dish_main_ingredients_ingredients_id_43f71c71; Type: INDEX; Schema: public; Owner: postgres
--

CREATE INDEX algapp_dishesing_dish_main_ingredients_ingredients_id_43f71c71 ON public.algapp_dishesing_dish_main_ingredients USING btree (ingredients_id);


--
-- TOC entry 3703 (class 1259 OID 19877)
-- Name: algapp_dishesing_dish_var_ingredients_dishesing_id_6a4d402c; Type: INDEX; Schema: public; Owner: postgres
--

CREATE INDEX algapp_dishesing_dish_var_ingredients_dishesing_id_6a4d402c ON public.algapp_dishesing_dish_var_ingredients USING btree (dishesing_id);


--
-- TOC entry 3704 (class 1259 OID 19878)
-- Name: algapp_dishesing_dish_var_ingredients_ingredients_id_b02f8756; Type: INDEX; Schema: public; Owner: postgres
--

CREATE INDEX algapp_dishesing_dish_var_ingredients_ingredients_id_b02f8756 ON public.algapp_dishesing_dish_var_ingredients USING btree (ingredients_id);


--
-- TOC entry 3691 (class 1259 OID 19849)
-- Name: algapp_dishesing_name_2add670c; Type: INDEX; Schema: public; Owner: postgres
--

CREATE INDEX algapp_dishesing_name_2add670c ON public.algapp_dishesing USING btree (name);


--
-- TOC entry 3692 (class 1259 OID 19850)
-- Name: algapp_dishesing_name_2add670c_like; Type: INDEX; Schema: public; Owner: postgres
--

CREATE INDEX algapp_dishesing_name_2add670c_like ON public.algapp_dishesing USING btree (name varchar_pattern_ops);


--
-- TOC entry 3686 (class 1259 OID 19830)
-- Name: algapp_ingredients_name_72772b0e_like; Type: INDEX; Schema: public; Owner: postgres
--

CREATE INDEX algapp_ingredients_name_72772b0e_like ON public.algapp_ingredients USING btree (name varchar_pattern_ops);


--
-- TOC entry 3646 (class 1259 OID 18382)
-- Name: algapp_menu_dish_id_dishes_id_93f9c286; Type: INDEX; Schema: public; Owner: postgres
--

CREATE INDEX algapp_menu_dish_id_dishes_id_93f9c286 ON public.algapp_menu_dish_id USING btree (dishesing_id);


--
-- TOC entry 3647 (class 1259 OID 18381)
-- Name: algapp_menu_dish_id_menu_id_35878710; Type: INDEX; Schema: public; Owner: postgres
--

CREATE INDEX algapp_menu_dish_id_menu_id_35878710 ON public.algapp_menu_dish_id USING btree (menu_id);


--
-- TOC entry 3652 (class 1259 OID 18395)
-- Name: algapp_menu_restaurant_id_menu_id_ec65f0e2; Type: INDEX; Schema: public; Owner: postgres
--

CREATE INDEX algapp_menu_restaurant_id_menu_id_ec65f0e2 ON public.algapp_menu_restaurant_id USING btree (menu_id);


--
-- TOC entry 3657 (class 1259 OID 18396)
-- Name: algapp_menu_restaurant_id_restaurant_id_7a37bd2a; Type: INDEX; Schema: public; Owner: postgres
--

CREATE INDEX algapp_menu_restaurant_id_restaurant_id_7a37bd2a ON public.algapp_menu_restaurant_id USING btree (restaurant_id);


--
-- TOC entry 3635 (class 1259 OID 18347)
-- Name: algapp_restaurant_address_d0d22d55; Type: INDEX; Schema: public; Owner: postgres
--

CREATE INDEX algapp_restaurant_address_d0d22d55 ON public.algapp_restaurant USING btree (address);


--
-- TOC entry 3636 (class 1259 OID 18348)
-- Name: algapp_restaurant_address_d0d22d55_like; Type: INDEX; Schema: public; Owner: postgres
--

CREATE INDEX algapp_restaurant_address_d0d22d55_like ON public.algapp_restaurant USING btree (address varchar_pattern_ops);


--
-- TOC entry 3637 (class 1259 OID 18399)
-- Name: algapp_restaurant_name_b0190214_like; Type: INDEX; Schema: public; Owner: postgres
--

CREATE INDEX algapp_restaurant_name_b0190214_like ON public.algapp_restaurant USING btree (name varchar_pattern_ops);


--
-- TOC entry 3591 (class 1259 OID 18314)
-- Name: auth_group_name_a6ea08ec_like; Type: INDEX; Schema: public; Owner: postgres
--

CREATE INDEX auth_group_name_a6ea08ec_like ON public.auth_group USING btree (name varchar_pattern_ops);


--
-- TOC entry 3596 (class 1259 OID 18243)
-- Name: auth_group_permissions_group_id_b120cbf9; Type: INDEX; Schema: public; Owner: postgres
--

CREATE INDEX auth_group_permissions_group_id_b120cbf9 ON public.auth_group_permissions USING btree (group_id);


--
-- TOC entry 3599 (class 1259 OID 18244)
-- Name: auth_group_permissions_permission_id_84c5c92e; Type: INDEX; Schema: public; Owner: postgres
--

CREATE INDEX auth_group_permissions_permission_id_84c5c92e ON public.auth_group_permissions USING btree (permission_id);


--
-- TOC entry 3586 (class 1259 OID 18229)
-- Name: auth_permission_content_type_id_2f476e4b; Type: INDEX; Schema: public; Owner: postgres
--

CREATE INDEX auth_permission_content_type_id_2f476e4b ON public.auth_permission USING btree (content_type_id);


--
-- TOC entry 3607 (class 1259 OID 18259)
-- Name: auth_user_groups_group_id_97559544; Type: INDEX; Schema: public; Owner: postgres
--

CREATE INDEX auth_user_groups_group_id_97559544 ON public.auth_user_groups USING btree (group_id);


--
-- TOC entry 3610 (class 1259 OID 18258)
-- Name: auth_user_groups_user_id_6a12ed8b; Type: INDEX; Schema: public; Owner: postgres
--

CREATE INDEX auth_user_groups_user_id_6a12ed8b ON public.auth_user_groups USING btree (user_id);


--
-- TOC entry 3613 (class 1259 OID 18273)
-- Name: auth_user_user_permissions_permission_id_1fbb5f2c; Type: INDEX; Schema: public; Owner: postgres
--

CREATE INDEX auth_user_user_permissions_permission_id_1fbb5f2c ON public.auth_user_user_permissions USING btree (permission_id);


--
-- TOC entry 3616 (class 1259 OID 18272)
-- Name: auth_user_user_permissions_user_id_a95ead1b; Type: INDEX; Schema: public; Owner: postgres
--

CREATE INDEX auth_user_user_permissions_user_id_a95ead1b ON public.auth_user_user_permissions USING btree (user_id);


--
-- TOC entry 3604 (class 1259 OID 18309)
-- Name: auth_user_username_6821ab7c_like; Type: INDEX; Schema: public; Owner: postgres
--

CREATE INDEX auth_user_username_6821ab7c_like ON public.auth_user USING btree (username varchar_pattern_ops);


--
-- TOC entry 3619 (class 1259 OID 18293)
-- Name: django_admin_log_content_type_id_c4bce8eb; Type: INDEX; Schema: public; Owner: postgres
--

CREATE INDEX django_admin_log_content_type_id_c4bce8eb ON public.django_admin_log USING btree (content_type_id);


--
-- TOC entry 3622 (class 1259 OID 18294)
-- Name: django_admin_log_user_id_c564eba6; Type: INDEX; Schema: public; Owner: postgres
--

CREATE INDEX django_admin_log_user_id_c564eba6 ON public.django_admin_log USING btree (user_id);


--
-- TOC entry 3681 (class 1259 OID 19795)
-- Name: django_private_chat2_dialogsmodel_user1_id_c125c342; Type: INDEX; Schema: public; Owner: postgres
--

CREATE INDEX django_private_chat2_dialogsmodel_user1_id_c125c342 ON public.django_private_chat2_dialogsmodel USING btree (user1_id);


--
-- TOC entry 3682 (class 1259 OID 19796)
-- Name: django_private_chat2_dialogsmodel_user2_id_8c449c3b; Type: INDEX; Schema: public; Owner: postgres
--

CREATE INDEX django_private_chat2_dialogsmodel_user2_id_8c449c3b ON public.django_private_chat2_dialogsmodel USING btree (user2_id);


--
-- TOC entry 3670 (class 1259 OID 19810)
-- Name: django_private_chat2_messagemodel_file_id_12d34e0f; Type: INDEX; Schema: public; Owner: postgres
--

CREATE INDEX django_private_chat2_messagemodel_file_id_12d34e0f ON public.django_private_chat2_messagemodel USING btree (file_id);


--
-- TOC entry 3673 (class 1259 OID 19779)
-- Name: django_private_chat2_messagemodel_recipient_id_ee7ce9e4; Type: INDEX; Schema: public; Owner: postgres
--

CREATE INDEX django_private_chat2_messagemodel_recipient_id_ee7ce9e4 ON public.django_private_chat2_messagemodel USING btree (recipient_id);


--
-- TOC entry 3674 (class 1259 OID 19780)
-- Name: django_private_chat2_messagemodel_sender_id_3be378ad; Type: INDEX; Schema: public; Owner: postgres
--

CREATE INDEX django_private_chat2_messagemodel_sender_id_3be378ad ON public.django_private_chat2_messagemodel USING btree (sender_id);


--
-- TOC entry 3685 (class 1259 OID 19821)
-- Name: django_private_chat2_uploadedfile_uploaded_by_id_fe955abd; Type: INDEX; Schema: public; Owner: postgres
--

CREATE INDEX django_private_chat2_uploadedfile_uploaded_by_id_fe955abd ON public.django_private_chat2_uploadedfile USING btree (uploaded_by_id);


--
-- TOC entry 3631 (class 1259 OID 18323)
-- Name: django_session_expire_date_a5c62663; Type: INDEX; Schema: public; Owner: postgres
--

CREATE INDEX django_session_expire_date_a5c62663 ON public.django_session USING btree (expire_date);


--
-- TOC entry 3634 (class 1259 OID 18322)
-- Name: django_session_session_key_c0390e0f_like; Type: INDEX; Schema: public; Owner: postgres
--

CREATE INDEX django_session_session_key_c0390e0f_like ON public.django_session USING btree (session_key varchar_pattern_ops);


--
-- TOC entry 3724 (class 2606 OID 18437)
-- Name: accounts_userprofile accounts_userprofile_user_id_92240672_fk_auth_user_id; Type: FK CONSTRAINT; Schema: public; Owner: postgres
--

ALTER TABLE ONLY public.accounts_userprofile
    ADD CONSTRAINT accounts_userprofile_user_id_92240672_fk_auth_user_id FOREIGN KEY (user_id) REFERENCES public.auth_user(id) DEFERRABLE INITIALLY DEFERRED;


--
-- TOC entry 3722 (class 2606 OID 18417)
-- Name: algapp_customer_allergens algapp_customer_alle_customer_id_75386c0e_fk_algapp_cu; Type: FK CONSTRAINT; Schema: public; Owner: postgres
--

ALTER TABLE ONLY public.algapp_customer_allergens
    ADD CONSTRAINT algapp_customer_alle_customer_id_75386c0e_fk_algapp_cu FOREIGN KEY (customer_id) REFERENCES public.algapp_customer(id) DEFERRABLE INITIALLY DEFERRED;


--
-- TOC entry 3723 (class 2606 OID 19889)
-- Name: algapp_customer_allergens algapp_customer_alle_ingredients_id_55d6280a_fk_algapp_in; Type: FK CONSTRAINT; Schema: public; Owner: postgres
--

ALTER TABLE ONLY public.algapp_customer_allergens
    ADD CONSTRAINT algapp_customer_alle_ingredients_id_55d6280a_fk_algapp_in FOREIGN KEY (ingredients_id) REFERENCES public.algapp_ingredients(id) DEFERRABLE INITIALLY DEFERRED;


--
-- TOC entry 3716 (class 2606 OID 19733)
-- Name: algapp_customer algapp_customer_user_id_0d4d49d6_fk_auth_user_id; Type: FK CONSTRAINT; Schema: public; Owner: postgres
--

ALTER TABLE ONLY public.algapp_customer
    ADD CONSTRAINT algapp_customer_user_id_0d4d49d6_fk_auth_user_id FOREIGN KEY (user_id) REFERENCES public.auth_user(id) DEFERRABLE INITIALLY DEFERRED;


--
-- TOC entry 3733 (class 2606 OID 19867)
-- Name: algapp_dishesing_dish_var_ingredients algapp_dishesing_dis_dishesing_id_6a4d402c_fk_algapp_di; Type: FK CONSTRAINT; Schema: public; Owner: postgres
--

ALTER TABLE ONLY public.algapp_dishesing_dish_var_ingredients
    ADD CONSTRAINT algapp_dishesing_dis_dishesing_id_6a4d402c_fk_algapp_di FOREIGN KEY (dishesing_id) REFERENCES public.algapp_dishesing(id) DEFERRABLE INITIALLY DEFERRED;


--
-- TOC entry 3731 (class 2606 OID 19853)
-- Name: algapp_dishesing_dish_main_ingredients algapp_dishesing_dis_dishesing_id_945602dd_fk_algapp_di; Type: FK CONSTRAINT; Schema: public; Owner: postgres
--

ALTER TABLE ONLY public.algapp_dishesing_dish_main_ingredients
    ADD CONSTRAINT algapp_dishesing_dis_dishesing_id_945602dd_fk_algapp_di FOREIGN KEY (dishesing_id) REFERENCES public.algapp_dishesing(id) DEFERRABLE INITIALLY DEFERRED;


--
-- TOC entry 3732 (class 2606 OID 19858)
-- Name: algapp_dishesing_dish_main_ingredients algapp_dishesing_dis_ingredients_id_43f71c71_fk_algapp_in; Type: FK CONSTRAINT; Schema: public; Owner: postgres
--

ALTER TABLE ONLY public.algapp_dishesing_dish_main_ingredients
    ADD CONSTRAINT algapp_dishesing_dis_ingredients_id_43f71c71_fk_algapp_in FOREIGN KEY (ingredients_id) REFERENCES public.algapp_ingredients(id) DEFERRABLE INITIALLY DEFERRED;


--
-- TOC entry 3734 (class 2606 OID 19872)
-- Name: algapp_dishesing_dish_var_ingredients algapp_dishesing_dis_ingredients_id_b02f8756_fk_algapp_in; Type: FK CONSTRAINT; Schema: public; Owner: postgres
--

ALTER TABLE ONLY public.algapp_dishesing_dish_var_ingredients
    ADD CONSTRAINT algapp_dishesing_dis_ingredients_id_b02f8756_fk_algapp_in FOREIGN KEY (ingredients_id) REFERENCES public.algapp_ingredients(id) DEFERRABLE INITIALLY DEFERRED;


--
-- TOC entry 3718 (class 2606 OID 19884)
-- Name: algapp_menu_dish_id algapp_menu_dish_id_dishesing_id_f5156fc6_fk_algapp_di; Type: FK CONSTRAINT; Schema: public; Owner: postgres
--

ALTER TABLE ONLY public.algapp_menu_dish_id
    ADD CONSTRAINT algapp_menu_dish_id_dishesing_id_f5156fc6_fk_algapp_di FOREIGN KEY (dishesing_id) REFERENCES public.algapp_dishesing(id) DEFERRABLE INITIALLY DEFERRED;


--
-- TOC entry 3719 (class 2606 OID 18371)
-- Name: algapp_menu_dish_id algapp_menu_dish_id_menu_id_35878710_fk_algapp_menu_id; Type: FK CONSTRAINT; Schema: public; Owner: postgres
--

ALTER TABLE ONLY public.algapp_menu_dish_id
    ADD CONSTRAINT algapp_menu_dish_id_menu_id_35878710_fk_algapp_menu_id FOREIGN KEY (menu_id) REFERENCES public.algapp_menu(id) DEFERRABLE INITIALLY DEFERRED;


--
-- TOC entry 3720 (class 2606 OID 18390)
-- Name: algapp_menu_restaurant_id algapp_menu_restaura_restaurant_id_7a37bd2a_fk_algapp_re; Type: FK CONSTRAINT; Schema: public; Owner: postgres
--

ALTER TABLE ONLY public.algapp_menu_restaurant_id
    ADD CONSTRAINT algapp_menu_restaura_restaurant_id_7a37bd2a_fk_algapp_re FOREIGN KEY (restaurant_id) REFERENCES public.algapp_restaurant(id) DEFERRABLE INITIALLY DEFERRED;


--
-- TOC entry 3721 (class 2606 OID 18385)
-- Name: algapp_menu_restaurant_id algapp_menu_restaurant_id_menu_id_ec65f0e2_fk_algapp_menu_id; Type: FK CONSTRAINT; Schema: public; Owner: postgres
--

ALTER TABLE ONLY public.algapp_menu_restaurant_id
    ADD CONSTRAINT algapp_menu_restaurant_id_menu_id_ec65f0e2_fk_algapp_menu_id FOREIGN KEY (menu_id) REFERENCES public.algapp_menu(id) DEFERRABLE INITIALLY DEFERRED;


--
-- TOC entry 3717 (class 2606 OID 19750)
-- Name: algapp_restaurant algapp_restaurant_user_id_6755f5e8_fk_auth_user_id; Type: FK CONSTRAINT; Schema: public; Owner: postgres
--

ALTER TABLE ONLY public.algapp_restaurant
    ADD CONSTRAINT algapp_restaurant_user_id_6755f5e8_fk_auth_user_id FOREIGN KEY (user_id) REFERENCES public.auth_user(id) DEFERRABLE INITIALLY DEFERRED;


--
-- TOC entry 3708 (class 2606 OID 18238)
-- Name: auth_group_permissions auth_group_permissio_permission_id_84c5c92e_fk_auth_perm; Type: FK CONSTRAINT; Schema: public; Owner: postgres
--

ALTER TABLE ONLY public.auth_group_permissions
    ADD CONSTRAINT auth_group_permissio_permission_id_84c5c92e_fk_auth_perm FOREIGN KEY (permission_id) REFERENCES public.auth_permission(id) DEFERRABLE INITIALLY DEFERRED;


--
-- TOC entry 3709 (class 2606 OID 18233)
-- Name: auth_group_permissions auth_group_permissions_group_id_b120cbf9_fk_auth_group_id; Type: FK CONSTRAINT; Schema: public; Owner: postgres
--

ALTER TABLE ONLY public.auth_group_permissions
    ADD CONSTRAINT auth_group_permissions_group_id_b120cbf9_fk_auth_group_id FOREIGN KEY (group_id) REFERENCES public.auth_group(id) DEFERRABLE INITIALLY DEFERRED;


--
-- TOC entry 3707 (class 2606 OID 18224)
-- Name: auth_permission auth_permission_content_type_id_2f476e4b_fk_django_co; Type: FK CONSTRAINT; Schema: public; Owner: postgres
--

ALTER TABLE ONLY public.auth_permission
    ADD CONSTRAINT auth_permission_content_type_id_2f476e4b_fk_django_co FOREIGN KEY (content_type_id) REFERENCES public.django_content_type(id) DEFERRABLE INITIALLY DEFERRED;


--
-- TOC entry 3710 (class 2606 OID 18253)
-- Name: auth_user_groups auth_user_groups_group_id_97559544_fk_auth_group_id; Type: FK CONSTRAINT; Schema: public; Owner: postgres
--

ALTER TABLE ONLY public.auth_user_groups
    ADD CONSTRAINT auth_user_groups_group_id_97559544_fk_auth_group_id FOREIGN KEY (group_id) REFERENCES public.auth_group(id) DEFERRABLE INITIALLY DEFERRED;


--
-- TOC entry 3711 (class 2606 OID 18248)
-- Name: auth_user_groups auth_user_groups_user_id_6a12ed8b_fk_auth_user_id; Type: FK CONSTRAINT; Schema: public; Owner: postgres
--

ALTER TABLE ONLY public.auth_user_groups
    ADD CONSTRAINT auth_user_groups_user_id_6a12ed8b_fk_auth_user_id FOREIGN KEY (user_id) REFERENCES public.auth_user(id) DEFERRABLE INITIALLY DEFERRED;


--
-- TOC entry 3712 (class 2606 OID 18267)
-- Name: auth_user_user_permissions auth_user_user_permi_permission_id_1fbb5f2c_fk_auth_perm; Type: FK CONSTRAINT; Schema: public; Owner: postgres
--

ALTER TABLE ONLY public.auth_user_user_permissions
    ADD CONSTRAINT auth_user_user_permi_permission_id_1fbb5f2c_fk_auth_perm FOREIGN KEY (permission_id) REFERENCES public.auth_permission(id) DEFERRABLE INITIALLY DEFERRED;


--
-- TOC entry 3713 (class 2606 OID 18262)
-- Name: auth_user_user_permissions auth_user_user_permissions_user_id_a95ead1b_fk_auth_user_id; Type: FK CONSTRAINT; Schema: public; Owner: postgres
--

ALTER TABLE ONLY public.auth_user_user_permissions
    ADD CONSTRAINT auth_user_user_permissions_user_id_a95ead1b_fk_auth_user_id FOREIGN KEY (user_id) REFERENCES public.auth_user(id) DEFERRABLE INITIALLY DEFERRED;


--
-- TOC entry 3714 (class 2606 OID 18283)
-- Name: django_admin_log django_admin_log_content_type_id_c4bce8eb_fk_django_co; Type: FK CONSTRAINT; Schema: public; Owner: postgres
--

ALTER TABLE ONLY public.django_admin_log
    ADD CONSTRAINT django_admin_log_content_type_id_c4bce8eb_fk_django_co FOREIGN KEY (content_type_id) REFERENCES public.django_content_type(id) DEFERRABLE INITIALLY DEFERRED;


--
-- TOC entry 3715 (class 2606 OID 18288)
-- Name: django_admin_log django_admin_log_user_id_c564eba6_fk_auth_user_id; Type: FK CONSTRAINT; Schema: public; Owner: postgres
--

ALTER TABLE ONLY public.django_admin_log
    ADD CONSTRAINT django_admin_log_user_id_c564eba6_fk_auth_user_id FOREIGN KEY (user_id) REFERENCES public.auth_user(id) DEFERRABLE INITIALLY DEFERRED;


--
-- TOC entry 3725 (class 2606 OID 19811)
-- Name: django_private_chat2_messagemodel django_private_chat2_file_id_12d34e0f_fk_django_pr; Type: FK CONSTRAINT; Schema: public; Owner: postgres
--

ALTER TABLE ONLY public.django_private_chat2_messagemodel
    ADD CONSTRAINT django_private_chat2_file_id_12d34e0f_fk_django_pr FOREIGN KEY (file_id) REFERENCES public.django_private_chat2_uploadedfile(id) DEFERRABLE INITIALLY DEFERRED;


--
-- TOC entry 3726 (class 2606 OID 19769)
-- Name: django_private_chat2_messagemodel django_private_chat2_recipient_id_ee7ce9e4_fk_auth_user; Type: FK CONSTRAINT; Schema: public; Owner: postgres
--

ALTER TABLE ONLY public.django_private_chat2_messagemodel
    ADD CONSTRAINT django_private_chat2_recipient_id_ee7ce9e4_fk_auth_user FOREIGN KEY (recipient_id) REFERENCES public.auth_user(id) DEFERRABLE INITIALLY DEFERRED;


--
-- TOC entry 3727 (class 2606 OID 19774)
-- Name: django_private_chat2_messagemodel django_private_chat2_sender_id_3be378ad_fk_auth_user; Type: FK CONSTRAINT; Schema: public; Owner: postgres
--

ALTER TABLE ONLY public.django_private_chat2_messagemodel
    ADD CONSTRAINT django_private_chat2_sender_id_3be378ad_fk_auth_user FOREIGN KEY (sender_id) REFERENCES public.auth_user(id) DEFERRABLE INITIALLY DEFERRED;


--
-- TOC entry 3730 (class 2606 OID 19816)
-- Name: django_private_chat2_uploadedfile django_private_chat2_uploaded_by_id_fe955abd_fk_auth_user; Type: FK CONSTRAINT; Schema: public; Owner: postgres
--

ALTER TABLE ONLY public.django_private_chat2_uploadedfile
    ADD CONSTRAINT django_private_chat2_uploaded_by_id_fe955abd_fk_auth_user FOREIGN KEY (uploaded_by_id) REFERENCES public.auth_user(id) DEFERRABLE INITIALLY DEFERRED;


--
-- TOC entry 3728 (class 2606 OID 19785)
-- Name: django_private_chat2_dialogsmodel django_private_chat2_user1_id_c125c342_fk_auth_user; Type: FK CONSTRAINT; Schema: public; Owner: postgres
--

ALTER TABLE ONLY public.django_private_chat2_dialogsmodel
    ADD CONSTRAINT django_private_chat2_user1_id_c125c342_fk_auth_user FOREIGN KEY (user1_id) REFERENCES public.auth_user(id) DEFERRABLE INITIALLY DEFERRED;


--
-- TOC entry 3729 (class 2606 OID 19790)
-- Name: django_private_chat2_dialogsmodel django_private_chat2_user2_id_8c449c3b_fk_auth_user; Type: FK CONSTRAINT; Schema: public; Owner: postgres
--

ALTER TABLE ONLY public.django_private_chat2_dialogsmodel
    ADD CONSTRAINT django_private_chat2_user2_id_8c449c3b_fk_auth_user FOREIGN KEY (user2_id) REFERENCES public.auth_user(id) DEFERRABLE INITIALLY DEFERRED;


-- Completed on 2023-07-02 17:01:48 IDT

--
-- PostgreSQL database dump complete
--

